1761265360,608,446.4105377,,Metrics,Value,Rounded,Simulated,% Change
1761265387,6192,551.2663574,,Q1,301.2708206,301,312,-3.5
1761265392,7588,466.1934982,,Q2,516.202179,516,521,-1
1761265424,8896,671.2216187,,Q3,631.5709229,631,633,-0.3
1761265439,11816,370.26129,,Max,880.5113525,880,876,0.5
1761265492,17676,701.0178223,,IQR,330.3,330,321,2.8
1761265515,22488,301.7360458,,,,,,
1761265552,24860,687.713562,,,,,,
1761265559,26640,504.8690796,,,,,,
1761265574,29468,12.40709496,,,,,,
1761265583,31332,267.7731171,,,,,,
1761265618,33692,460.8109131,,,,,,
1761265622,34648,402.0224945,,,,,,
1761265634,37212,582.1472778,,,,,,
1761265681,42704,243.4238663,,,,,,
1761265685,43408,759.7822876,,,,,,
1761265692,45004,522.8312439,,,,,,
1761265762,55420,712.519043,,,,,,
1761265869,68472,132.4184074,,,,,,
1761265882,71288,369.9979355,,,,,,
1761265889,72868,180.1505699,,,,,,
1761265945,79280,656.9112549,,,,,,
1761265988,83524,682.8116455,,,,,,
1761266047,91280,560.2927856,,,,,,
1761266069,95804,296.4860229,,,,,,
1761266070,95876,453.1507828,,,,,,
1761266081,98128,120.7373772,,,,,,
1761266111,99328,532.0402283,,,,,,
1761266144,106368,705.0540771,,,,,,
1761266193,111268,277.1830215,,,,,,
1761266200,112660,195.5458374,,,,,,
1761266258,119008,444.1780594,,,,,,
1761266261,119652,750.9168701,,,,,,
1761266319,126236,145.1948776,,,,,,
1761266342,130340,750.2600708,,,,,,
1761266463,145200,106.6802444,,,,,,
1761266472,146868,440.7552231,,,,,,
1761266564,155756,225.2949371,,,,,,
1761266568,156732,623.9485474,,,,,,
1761266582,159276,532.6454803,,,,,,
1761266650,167608,630.0921021,,,,,,
1761266710,175036,211.457634,,,,,,
1761266721,177004,829.1780396,,,,,,
1761266726,177976,280.3900909,,,,,,
1761266899,198804,116.1338081,,,,,,
1761266907,200200,519.9570923,,,,,,
1761266912,201232,634.9718628,,,,,,
1761266915,201720,549.0417892,,,,,,
1761266977,208884,657.0631104,,,,,,
1761266978,209148,200.8528976,,,,,,
1761266983,210352,575.6260986,,,,,,
1761266998,212912,269.7988129,,,,,,
1761267027,213960,803.3078003,,,,,,
1761267090,222432,773.2404785,,,,,,
1761267153,230404,82.83766937,,,,,,
1761267228,239952,545.0723877,,,,,,
1761267230,240364,93.94008064,,,,,,
1761267291,247272,760.0532227,,,,,,
1761267305,249920,410.6166687,,,,,,
1761267309,250648,374.8862228,,,,,,
1761267318,252452,155.2732315,,,,,,
1761267376,258624,749.0200195,,,,,,
1761267427,263692,610.4326172,,,,,,
1761267428,263896,420.5061493,,,,,,
1761267430,264368,788.0883179,,,,,,
1761267443,266464,423.428421,,,,,,
1761267443,266476,761.4664307,,,,,,
1761267447,267272,342.6990051,,,,,,
1761267456,268956,631.5709229,,,,,,
1761267457,269116,452.3626846,,,,,,
1761267488,270388,477.7503876,,,,,,
1761267490,270844,144.0645561,,,,,,
1761267496,272116,482.8000977,,,,,,
1761267527,277628,556.4146271,,,,,,
1761267560,279420,151.7995605,,,,,,
1761267621,286920,700.0276489,,,,,,
1761267625,287848,44.95157719,,,,,,
1761267629,288736,0,,,,,,
1761267654,292988,553.739624,,,,,,
1761267656,293328,706.3752441,,,,,,
1761267700,297440,704.7520142,,,,,,
1761267763,306332,610.7507324,,,,,,
1761267828,314504,0,,,,,,
1761267835,315664,795.3203735,,,,,,
1761267885,320572,590.3591309,,,,,,
1761267905,324400,489.7441422,,,,,,
1761267916,326556,0,,,,,,
1761267920,327524,750.6940918,,,,,,
1761267947,328196,165.9031906,,,,,,
1761267950,328944,364.8086243,,,,,,
1761267962,331116,121.0287323,,,,,,
1761267986,335728,451.577359,,,,,,
1761268170,358784,197.3659286,,,,,,
1761268173,359408,302.2373199,,,,,,
1761268236,366664,620.3043823,,,,,,
1761268276,369836,375.0512466,,,,,,
1761268306,375900,377.7153732,,,,,,
1761268309,376444,425.7095886,,,,,,
1761268411,386772,455.3322662,,,,,,
1761268413,387144,693.6002197,,,,,,
1761268444,392588,565.4533691,,,,,,
1761268485,396184,0,,,,,,
1761268495,398104,377.5160324,,,,,,
1761268502,399092,675.8260498,,,,,,
1761268547,402812,288.4966278,,,,,,
1761268565,405932,655.1185913,,,,,,
1761268575,407816,638.0072632,,,,,,
1761268615,410832,221.7464218,,,,,,
1761268636,414616,644.0418091,,,,,,
1761268651,417408,543.7713623,,,,,,
1761268679,418440,851.9071655,,,,,,
1761268691,420492,528.7355957,,,,,,
1761268708,423692,509.5449524,,,,,,
1761268710,424144,707.5791626,,,,,,
1761268815,435068,679.3725586,,,,,,
1761268817,435364,301.2708206,,,,,,
1761268851,441336,515.4266357,,,,,,
1761268881,442540,702.6522827,,,,,,
1761268908,447400,557.0693985,,,,,,
1761268950,451104,554.1025894,,,,,,
1761268976,456456,574.6985321,,,,,,
1761269015,459396,554.6681519,,,,,,
1761269040,464080,400.1670105,,,,,,
1761269044,464944,0,,,,,,
1761269102,471128,731.9784546,,,,,,
1761269108,472288,234.790329,,,,,,
1761269111,472804,612.1421509,,,,,,
1761269149,475748,553.9135132,,,,,,
1761269173,480264,539.1688843,,,,,,
1761269175,480704,584.6367798,,,,,,
1761269225,486092,466.0329895,,,,,,
1761269251,491056,537.8156128,,,,,,
1761269283,493012,773.9310303,,,,,,
1761269296,495644,236.8390961,,,,,,
1761269343,500916,584.0632324,,,,,,
1761269360,504144,255.5721359,,,,,,
1761269362,504636,503.9778137,,,,,,
1761269374,506868,0,,,,,,
1761269378,507660,370.314003,,,,,,
1761269405,508088,482.8000977,,,,,,
1761269406,508520,317.0766449,,,,,,
1761269433,513704,522.225676,,,,,,
1761269498,522068,0,,,,,,
1761269559,529052,500.155304,,,,,,
1761269575,531864,531.2674667,,,,,,
1761269615,535116,597.1784668,,,,,,
1761269646,540628,368.3454422,,,,,,
1761269686,543656,583.2976685,,,,,,
1761269692,544796,569.3677979,,,,,,
1761269714,548848,261.5821381,,,,,,
1761269741,549492,231.3875656,,,,,,
1761269766,554496,411.120163,,,,,,
1761269775,556148,680.0401611,,,,,,
1761269814,559108,426.0748596,,,,,,
1761269817,559752,551.2416992,,,,,,
1761269882,568428,659.6034546,,,,,,
1761269886,569388,246.5639648,,,,,,
1761269906,573300,278.7773438,,,,,,
1761269939,575188,574.4288254,,,,,,
1761269961,579340,77.15302277,,,,,,
1761270002,582784,619.6749268,,,,,,
1761270028,587508,248.4109497,,,,,,
1761270033,588404,499.5462357,,,,,,
1761270076,591996,0,,,,,,
1761270084,593684,515.6336716,,,,,,
1761270101,596976,880.5113525,,,,,,
1761270134,598868,158.0766563,,,,,,
1761270145,600948,400.9380173,,,,,,
1761270148,601564,577.6598511,,,,,,
1761270166,605000,564.0432739,,,,,,
1761270205,608208,508.2727051,,,,,,
1761270206,608488,414.1855835,,,,,,
1761270224,612120,516.202179,,,,,,
1761270262,615032,186.6696167,,,,,,
1761270264,615452,537.5377533,,,,,,
1761270295,621480,505.4331665,,,,,,
1761270336,625092,802.4171753,,,,,,
1761270357,629072,728.149231,,,,,,
1761270462,640184,667.8743286,,,,,,
1761270472,642020,194.1162186,,,,,,
1761270554,653964,656.7402954,,,,,,
1761270561,655272,208.1423492,,,,,,
1761270609,660224,423.5974884,,,,,,
1761270610,660436,383.2749252,,,,,,
1761270656,664744,783.5602417,,,,,,
1761270669,667312,423.428421,,,,,,
1761270676,668756,678.9683838,,,,,,
1761270787,680668,759.7626953,,,,,,
1761270805,684136,679.0664063,,,,,,
1761270811,685124,560.8809845,,,,,,
1761270861,689944,591.75354,,,,,,
1761270886,694580,541.0145309,,,,,,
1761270988,706076,0,,,,,,
1761270988,706204,283.4766312,,,,,,
1761270997,707800,0,,,,,,
1761271051,713708,750.8730469,,,,,,
1761271064,716164,551.9955429,,,,,,
1761271074,718064,858.9165039,,,,,,
1761271087,720708,646.6019287,,,,,,
1761271133,725216,635.4210815,,,,,,
1761271188,731208,574.9350739,,,,,,
1761271195,732552,532.1369507,,,,,,
1761271246,737456,508.2197723,,,,,,
1761271461,764392,413.1933289,,,,,,
1761271482,768096,501.9816589,,,,,,
1761271538,774196,504.6040649,,,,,,
1761271555,777088,705.7029419,,,,,,
1761271612,783404,511.1442871,,,,,,
1761271653,786668,547.9748535,,,,,,
1761271738,799916,570.9105835,,,,,,
1761271810,809560,600.647583,,,,,,
1761271864,815872,372.0454559,,,,,,
1761271879,818452,529.3172607,,,,,,
1761271880,818632,144.3710747,,,,,,
1761271917,821208,98.62558365,,,,,,
1761271933,824036,576.5407104,,,,,,
1761271933,824152,33.58330822,,,,,,
1761271948,826660,531.4099121,,,,,,
1761271985,829300,424.749559,,,,,,
1761271997,831448,589.6391602,,,,,,
1761272005,833032,738.7833252,,,,,,
1761272045,836284,599.1558838,,,,,,
1761272048,836864,522.9695541,,,,,,
1761272079,842984,702.5943604,,,,,,
1761272111,844764,664.5652466,,,,,,
1761272142,851328,423.0730133,,,,,,
1761272171,852380,258.9862747,,,,,,
1761272194,856652,822.2008057,,,,,,
1761272240,860904,645.9142456,,,,,,
1761272249,862888,822.4776001,,,,,,
1761272267,866080,463.6909637,,,,,,
1761272305,868880,755.4487305,,,,,,
1761272310,870048,621.8043823,,,,,,
1761272312,870400,0,,,,,,
1761272329,873544,673.6213989,,,,,,
1761272339,875260,326.2801437,,,,,,
1761272342,875836,538.0852661,,,,,,
1761272383,878904,670.5611572,,,,,,
1761272396,881260,754.4407959,,,,,,
1761272503,893304,104.9054604,,,,,,
1761272528,898844,514.6333008,,,,,,
1761272592,906844,0,,,,,,
1761272601,908576,762.618042,,,,,,
1761272635,910476,516.202179,,,,,,
1761272667,916024,238.9660263,,,,,,
1761272674,917488,185.9024734,,,,,,
1761272717,921172,533.2521362,,,,,,
1761272741,925476,577.9182739,,,,,,
1761272742,925516,708.7710571,,,,,,
1761272773,927240,483.9228989,,,,,,
1761272786,929500,321.1083298,,,,,,
1761272847,937068,515.2905884,,,,,,
1761272858,939408,525.2595871,,,,,,
1761272860,939688,462.3057404,,,,,,
1761272907,944528,630.9780273,,,,,,
1761272919,946656,649.4439697,,,,,,
1761272924,947748,215.1061478,,,,,,
1761272963,950656,271.6893082,,,,,,
1761272996,957212,650.3311768,,,,,,
1761273062,964976,132.7615013,,,,,,
1761273069,966352,673.3945313,,,,,,
1761273098,967392,450.1121521,,,,,,
1761273103,968428,381.8910599,,,,,,
1761273116,970816,846.5266724,,,,,,
1761273129,973204,528.4611206,,,,,,
1761273187,979460,656.3114624,,,,,,
1761273233,983736,573.1875427,,,,,,
1761273253,987596,281.5535431,,,,,,
1761273257,988328,15.50249147,,,,,,
1761273267,990140,213.7146606,,,,,,
1761273315,994620,174.4646301,,,,,,
1761273323,996044,505.9165085,,,,,,
1761273372,1000924,562.3061523,,,,,,
1761273440,1009868,0,,,,,,
1761273461,1013968,596.6747437,,,,,,
1761273498,1016416,426.4220123,,,,,,
1761273564,1024160,259.7488861,,,,,,
1761273597,1031008,317.2619705,,,,,,
1761273657,1037608,685.8136597,,,,,,
1761273669,1039888,715.512146,,,,,,
1761273719,1044692,0,,,,,,
1761273727,1046200,4.557045221,,,,,,
1761273731,1046760,520.3356323,,,,,,
1761273772,1050036,42.23583698,,,,,,
1761273786,1052872,476.9508484,,,,,,
1761273801,1055576,144.8024025,,,,,,
1761273803,1056012,227.241806,,,,,,
1761273847,1060116,592.5892334,,,,,,
1761273851,1060900,509.41745,,,,,,
1761273851,1060976,829.9464111,,,,,,
1761273854,1061520,193.8697357,,,,,,
1761273899,1065296,437.0653839,,,,,,
1761273903,1066164,614.1993408,,,,,,
1761273920,1069220,504.2920914,,,,,,
1761273971,1074548,458.8201447,,,,,,
1761273995,1079244,509.2366913,,,,,,
1761274042,1083960,442.361496,,,,,,
1761274135,1097288,0,,,,,,
1761274191,1103340,785.3519287,,,,,,
1761274206,1105832,0,,,,,,
1761274266,1112916,798.6629639,,,,,,
1761274304,1115572,186.8032265,,,,,,
1761274369,1123376,0,,,,,,
1761274390,1127100,94.20951462,,,,,,
1761274392,1127392,466.7949951,,,,,,
1761274399,1128692,267.6913605,,,,,,
1761274409,1130392,732.7074585,,,,,,
1761274439,1131712,500.6618347,,,,,,
1761274444,1132672,600.1779785,,,,,,
1761274457,1134924,724.4242554,,,,,,
1761274508,1140472,110.1532516,,,,,,
1761274523,1143420,691.1868286,,,,,,
1761274566,1147068,548.9838257,,,,,,
1761274568,1147708,667.5687866,,,,,,
1761274633,1156220,415.7823456,,,,,,
1761274652,1160532,725.9312134,,,,,,
1761274706,1166660,11.6809094,,,,,,
1761274710,1167436,152.3834038,,,,,,
1761274772,1174644,0,,,,,,
1761274779,1176132,554.2255249,,,,,,
1761274780,1176212,13.57902861,,,,,,
1761274824,1179692,538.7748947,,,,,,
1761274846,1183960,32.85927486,,,,,,
1761274852,1185208,673.1587524,,,,,,
1761274905,1191352,209.5709152,,,,,,
1761274953,1196844,799.5477905,,,,,,
1761274978,1201808,218.88517,,,,,,
1761275017,1204884,38.92222023,,,,,,
1761275018,1205188,346.4732208,,,,,,
1761275025,1206624,82.75962639,,,,,,
1761275041,1209240,608.9966431,,,,,,
1761275085,1212932,777.3157349,,,,,,
1761275086,1213316,459.9168945,,,,,,
1761275091,1214452,484.0999893,,,,,,
1761275107,1217204,646.5352783,,,,,,
1761275159,1223056,796.7400513,,,,,,
1761275164,1224088,405.2092102,,,,,,
1761275166,1224276,686.3751831,,,,,,
1761275189,1228736,796.9744263,,,,,,
1761275217,1229584,16.6882453,,,,,,
1761275239,1233792,535.4570282,,,,,,
1761275245,1234808,567.1720581,,,,,,
1761275356,1246940,336.3000641,,,,,,
1761275418,1254148,627.9326782,,,,,,
1761275428,1256284,0,,,,,,
1761275446,1259768,805.4891357,,,,,,
1761275449,1260244,440.8619476,,,,,,
1761275514,1268044,551.2372437,,,,,,
1761275549,1270052,118.110363,,,,,,
1761275554,1271296,452.1215515,,,,,,
1761275572,1274648,748.6838989,,,,,,
1761275590,1277932,27.4603014,,,,,,
1761275644,1284240,717.5804443,,,,,,
1761275711,1293032,0,,,,,,
1761275758,1297580,320.1653824,,,,,,
1761275761,1298100,584.388855,,,,,,
1761275777,1301384,573.3106567,,,,,,
1761275833,1307588,651.1418457,,,,,,
1761275841,1309032,298.0427628,,,,,,
1761275912,1317744,561.0377808,,,,,,
1761275943,1318980,667.3422241,,,,,,
1761275958,1321812,460.8222458,,,,,,
1761275981,1325912,110.6742897,,,,,,
1761276025,1330004,707.1619873,,,,,,
1761276050,1334532,126.0063171,,,,,,
1761276079,1335500,0,,,,,,
1761276090,1337604,455.3995087,,,,,,
1761276094,1338312,566.5428467,,,,,,
1761276117,1342512,551.6168304,,,,,,
1761276148,1343876,658.6865845,,,,,,
1761276151,1344476,685.7036133,,,,,,
1761276184,1351032,455.3986816,,,,,,
1761276222,1353796,590.038269,,,,,,
1761276229,1355140,691.6990356,,,,,,
1761276288,1361580,702.8630981,,,,,,
1761276296,1363300,3.264742255,,,,,,
1761276297,1363344,92.17874908,,,,,,
1761276302,1364404,657.9821167,,,,,,
1761276314,1366772,627.7971191,,,,,,
1761276377,1374856,644.6600952,,,,,,
1761276382,1375936,168.5937996,,,,,,
1761276425,1379628,84.47482681,,,,,,
1761276440,1382232,228.4147339,,,,,,
1761276486,1386644,748.3467407,,,,,,
1761276492,1387676,632.1359863,,,,,,
1761276518,1392360,427.6538086,,,,,,
1761276565,1397052,547.7447754,,,,,,
1761276581,1400056,372.8264008,,,,,,
1761276615,1402200,439.2914886,,,,,,
1761276631,1404984,645.208252,,,,,,
1761276645,1407560,827.6987305,,,,,,
1761276695,1412572,596.4697876,,,,,,
1761276701,1413796,422.6375641,,,,,,
1761276717,1416760,497.3394836,,,,,,
1761276745,1417816,466.3300537,,,,,,
1761276774,1423116,712.1578979,,,,,,
1761276775,1423328,558.4724731,,,,,,
1761276812,1426108,391.0916748,,,,,,
1761276837,1431228,574.6590576,,,,,,
1761276892,1437204,701.4639893,,,,,,
1761276901,1438824,293.9237823,,,,,,
1761276915,1441384,240.6184616,,,,,,
1761276961,1445796,295.2384567,,,,,,
1761276965,1446640,555.8988647,,,,,,
1761277011,1450688,463.1012589,,,,,,
1761277035,1455184,698.9832764,,,,,,
1761277040,1456248,651.3501587,,,,,,
1761277080,1459284,179.0353661,,,,,,
1761277092,1461552,555.8573502,,,,,,
1761277164,1470732,20.40960073,,,,,,
1761277178,1473168,17.08103371,,,,,,
1761277213,1475372,84.37503433,,,,,,
1761277237,1479864,503.9691467,,,,,,
1761277239,1480116,559.4251099,,,,,,
1761277346,1492196,0,,,,,,
1761277409,1500092,664.9020996,,,,,,
1761277410,1500440,98.95159149,,,,,,
1761277418,1502024,431.7154327,,,,,,
1761277499,1512644,504.2731628,,,,,,
1761277511,1514988,66.03587723,,,,,,
1761277541,1516256,182.1418304,,,,,,
1761277566,1520800,778.8613892,,,,,,
1761277579,1523128,484.7684128,,,,,,
1761277580,1523340,107.0258789,,,,,,
1761277635,1529228,0,,,,,,
1761277696,1536376,633.2064819,,,,,,
1761277746,1541420,33.78455544,,,,,,
1761277750,1542288,459.4069519,,,,,,
1761277764,1544844,638.1292114,,,,,,
1761277826,1552680,530.4893188,,,,,,
1761277832,1553808,643.9326782,,,,,,
1761277878,1558600,563.6441711,,,,,,
1761277882,1559384,373.4508835,,,,,,
1761277884,1559764,324.1570358,,,,,,
1761277885,1559912,23.44496012,,,,,,
1761277900,1562264,693.5714111,,,,,,
1761277938,1564880,415.647171,,,,,,
1761277945,1566572,590.4332275,,,,,,
1761277953,1567888,553.4790649,,,,,,
1761277971,1571076,175.3343811,,,,,,
1761277980,1572656,624.9747925,,,,,,
1761278007,1573240,525.1597763,,,,,,
1761278032,1578152,560.0994873,,,,,,
1761278044,1580292,127.0681686,,,,,,
1761278090,1584700,413.4332123,,,,,,
1761278145,1590968,411.6665039,,,,,,
1761278211,1598876,0,,,,,,
1761278274,1606152,721.5906372,,,,,,
1761278300,1611512,46.2493515,,,,,,
1761278302,1611740,280.3625107,,,,,,
1761278338,1613992,120.7373772,,,,,,
1761278339,1614212,490.7708527,,,,,,
1761278340,1614444,406.1225281,,,,,,
1761278357,1618000,143.4553986,,,,,,
1761278360,1618524,632.5848389,,,,,,
1761278419,1625732,759.3341064,,,,,,
1761278434,1628428,711.6987915,,,,,,
1761278482,1633048,450.7947006,,,,,,
1761278496,1635728,43.39525795,,,,,,
1761278509,1638040,566.1886597,,,,,,
1761278539,1639288,43.52431297,,,,,,
1761278554,1642228,552.5705078,,,,,,
1761278556,1642600,410.244278,,,,,,
1761278606,1647976,355.258667,,,,,,
1761278613,1649332,509.7044373,,,,,,
1761278691,1659376,461.2093048,,,,,,
1761278693,1659780,520.2171066,,,,,,
1761278755,1667056,622.0609131,,,,,,
1761278824,1675616,528.7081299,,,,,,
1761278825,1675788,0,,,,,,
1761278832,1677088,0,,,,,,
1761278887,1683560,609.6071777,,,,,,
1761278944,1689840,19.32072973,,,,,,
1761279003,1696516,138.0674629,,,,,,
1761279028,1701336,0,,,,,,
1761279033,1702160,330.9971008,,,,,,
1761279073,1705484,501.4140732,,,,,,
1761279103,1711076,45.9231205,,,,,,
1761279104,1711184,397.3541992,,,,,,
1761279152,1715624,446.5850296,,,,,,
1761279157,1716564,538.5270386,,,,,,
1761279165,1717968,656.7402954,,,,,,
1761279211,1722592,604.1029663,,,,,,
1761279213,1722952,581.3496704,,,,,,
1761279227,1725424,439.8988953,,,,,,
1761279337,1738264,393.2319504,,,,,,
1761279361,1743384,114.5947266,,,,,,
1761279362,1743488,554.6209106,,,,,,
1761279464,1753440,243.0121994,,,,,,
1761279472,1755152,230.5643463,,,,,,
1761279478,1756220,725.0313721,,,,,,
1761279486,1757468,491.2586761,,,,,,
1761279495,1759152,724.5048218,,,,,,
1761279537,1762732,256.9730301,,,,,,
1761279553,1765624,375.9246826,,,,,,
1761279558,1766504,414.699202,,,,,,
1761279615,1772760,16.41374016,,,,,,
1761279706,1785496,0,,,,,,
1761279741,1787848,479.9482605,,,,,,
1761279754,1790172,27.28520393,,,,,,
1761279805,1796316,502.3876953,,,,,,
1761279824,1800036,608.6688843,,,,,,
1761279832,1801476,656.5263672,,,,,,
1761279883,1806696,367.0009918,,,,,,
1761279929,1810644,651.5918579,,,,,,
1761279935,1812116,285.5310059,,,,,,
1761279944,1813612,504.2613831,,,,,,
1761279955,1815604,584.2801514,,,,,,
1761280026,1825552,4.596870303,,,,,,
1761280027,1825696,670.3056641,,,,,,
1761280030,1826236,399.1435547,,,,,,
1761280078,1831648,535.3404541,,,,,,
1761280090,1834104,347.1405487,,,,,,
1761280120,1835428,602.541626,,,,,,
1761280122,1835804,734.2387085,,,,,,
1761280151,1841544,608.3414307,,,,,,
1761280156,1842364,652.5717163,,,,,,
1761280159,1843060,550.4942749,,,,,,
1761280199,1846472,530.9421387,,,,,,
1761280206,1847792,200.1604843,,,,,,
1761280208,1848120,549.3839111,,,,,,
1761280211,1848616,536.8451538,,,,,,
1761280263,1854384,572.0317383,,,,,,
1761280277,1857208,115.3496017,,,,,,
1761280341,1865696,0,,,,,,
1761280400,1872564,593.1329346,,,,,,
1761280406,1873512,533.165416,,,,,,
1761280444,1876396,489.2323837,,,,,,
1761280506,1884200,579.9521484,,,,,,
1761280570,1892376,17.36689854,,,,,,
1761280572,1892936,632.0230103,,,,,,
1761280573,1893184,441.7137085,,,,,,
1761280586,1895540,626.3483276,,,,,,
1761280588,1895924,102.2074699,,,,,,
1761280601,1898256,346.4316101,,,,,,
1761280667,1906848,544.2438354,,,,,,
1761280668,1907128,649.013916,,,,,,
1761280719,1912760,462.813829,,,,,,
1761280729,1914560,610.3492432,,,,,,
1761280742,1916764,540.0925095,,,,,,
1761280800,1923384,698.5638428,,,,,,
1761280803,1923860,564.4801025,,,,,,
1761280808,1925016,4.665456891,,,,,,
1761280846,1928080,394.8516998,,,,,,
1761280854,1929608,727.2712402,,,,,,
1761280901,1934500,183.6798706,,,,,,
1761280907,1935684,548.3184067,,,,,,
1761280908,1935988,526.5355087,,,,,,
1761280934,1940864,873.9619141,,,,,,
1761280968,1943180,484.8990723,,,,,,
1761280979,1945184,0,,,,,,
1761280980,1945252,522.1156876,,,,,,
1761280998,1948372,348.417984,,,,,,
1761280999,1948492,369.6668472,,,,,,
1761281040,1952028,61.95334625,,,,,,
1761281047,1953552,559.3356323,,,,,,
1761281049,1953784,154.9187279,,,,,,
1761281102,1960424,629.5456543,,,,,,
1761281114,1962820,575.9711304,,,,,,
1761281159,1966568,500.2087631,,,,,,
1761281177,1969976,415.352417,,,,,,
1761281237,1976900,481.1256348,,,,,,
1761281244,1978128,641.9823608,,,,,,
1761281262,1981568,529.9068253,,,,,,
1761281301,1984396,384.4442139,,,,,,
1761281311,1986128,666.9701538,,,,,,
1761281318,1987452,291.2637177,,,,,,
1761281386,1996580,478.9372726,,,,,,
1761281426,1999892,513.7697998,,,,,,
1761281496,2009644,331.8839951,,,,,,
1761281508,2012088,0,,,,,,
1761281575,2020720,416.7358704,,,,,,
1761281619,2024936,697.3513794,,,,,,
1761281628,2026656,424.4195587,,,,,,
1761281629,2026800,52.96396637,,,,,,
1761281687,2033484,563.4646606,,,,,,
1761281709,2037448,582.5883179,,,,,,
1761281710,2037716,0,,,,,,
1761281750,2041028,0,,,,,,
1761281757,2042392,532.1914063,,,,,,
1761281760,2043000,77.10727501,,,,,,
1761281815,2048900,543.8924088,,,,,,
1761281895,2059652,0,,,,,,
1761281947,2064700,584.2111206,,,,,,
1761281956,2066468,770.3181763,,,,,,
1761281987,2072140,0,,,,,,
1761282021,2074376,703.9550781,,,,,,
1761282039,2077516,0,,,,,,
1761282110,2086572,638.1757202,,,,,,
1761282158,2091212,535.2231445,,,,,,
1761282161,2091816,466.1753082,,,,,,
1761282228,2100084,530.5110474,,,,,,
1761282250,2104220,503.5983643,,,,,,
1761282282,2105696,565.4533646,,,,,,
1761282289,2107532,116.9639053,,,,,,
1761282295,2108344,410.6166687,,,,,,
1761282305,2110284,592.6148682,,,,,,
1761282315,2112048,328.7389526,,,,,,
1761282356,2115484,316.3375397,,,,,,
1761282358,2115832,72.53276825,,,,,,
1761282379,2119620,131.3734818,,,,,,
1761282429,2125108,247.4631729,,,,,,
1761282455,2129688,0,,,,,,
1761282485,2131020,183.7627716,,,,,,
1761282492,2132448,590.8946533,,,,,,
1761282551,2139288,634.9718628,,,,,,
1761282555,2140128,683.6121826,,,,,,
1761282619,2147688,560.3348999,,,,,,
1761282653,2153840,728.430481,,,,,,
1761282706,2159092,0,,,,,,
1761282769,2166572,623.2391357,,,,,,
1761282774,2167596,237.1840439,,,,,,
1761282783,2169108,699.4077148,,,,,,
1761282783,2169172,225.180542,,,,,,
1761282850,2177044,456.2148056,,,,,,
1761282855,2177992,652.0543213,,,,,,
1761282856,2178224,230.7973022,,,,,,
1761282857,2178388,687.6852417,,,,,,
1761282887,2179484,559.3732239,,,,,,
1761282898,2181664,17.98897219,,,,,,
1761282911,2184040,614.8770142,,,,,,
1761282966,2189868,621.3773193,,,,,,
1761282986,2193624,361.6972504,,,,,,
1761282987,2193892,425.5702606,,,,,,
1761283022,2196136,121.1685791,,,,,,
1761283035,2198900,471.8908081,,,,,,
1761283048,2201264,706.2649536,,,,,,
1761283050,2201520,343.9148712,,,,,,
1761283095,2205928,446.5382828,,,,,,
1761283099,2206684,470.0785675,,,,,,
1761283240,2225512,294.1828537,,,,,,
1761283286,2229956,652.0543213,,,,,,
1761283303,2233532,553.4224442,,,,,,
1761283348,2238140,117.5986176,,,,,,
1761283363,2240992,427.2548676,,,,,,
1761283372,2242600,118.4324684,,,,,,
1761283408,2244680,466.8136307,,,,,,
1761283421,2247232,625.5664063,,,,,,
1761283477,2253324,607.3388062,,,,,,
1761283487,2255260,586.312561,,,,,,
1761283487,2255372,265.5749588,,,,,,
1761283492,2256380,441.0712738,,,,,,
1761283507,2259384,329.0491333,,,,,,
1761283511,2260224,487.7035309,,,,,,
1761283561,2265496,574.7376099,,,,,,
1761283685,2281508,245.5258026,,,,,,
1761283691,2282724,597.1784668,,,,,,
1761283750,2289868,378.7015228,,,,,,
1761283794,2293772,3.534451604,,,,,,
1761283797,2294580,23.13744164,,,,,,
1761283808,2296676,422.7385681,,,,,,
1761283821,2299184,650.3616943,,,,,,
1761283860,2301968,430.7164307,,,,,,
1761283867,2303776,389.1152115,,,,,,
1761283886,2307068,165.0958786,,,,,,
1761283889,2307720,219.9186401,,,,,,
1761283902,2309888,571.4536133,,,,,,
1761283935,2311868,642.1552734,,,,,,
1761283961,2316536,513.3485107,,,,,,
1761283966,2317412,577.484314,,,,,,
1761283996,2318740,658.65271,,,,,,
1761284024,2323940,574.1206543,,,,,,
1761284025,2324216,508.2892609,,,,,,
1761284076,2329944,549.2975464,,,,,,
1761284078,2330236,388.2324371,,,,,,
1761284100,2334472,679.9439087,,,,,,
1761284149,2339896,637.1305542,,,,,,
1761284150,2340024,554.4459839,,,,,,
1761284207,2347524,362.0832596,,,,,,
1761284222,2350388,207.0309906,,,,,,
1761284252,2351704,128.3812065,,,,,,
1761284256,2352636,3.174920797,,,,,,
1761284274,2355872,542.1412964,,,,,,
1761284321,2360492,556.5236328,,,,,,
1761284333,2362772,715.512146,,,,,,
1761284386,2368312,147.3197937,,,,,,
1761284392,2369664,292.2330551,,,,,,
1761284406,2372144,82.2145443,,,,,,
1761284408,2372504,496.8644699,,,,,,
1761284460,2378180,749.9381714,,,,,,
1761284466,2379368,0,,,,,,
1761284474,2380912,0,,,,,,
1761284521,2385888,35.23073959,,,,,,
1761284532,2387952,642.9259644,,,,,,
1761284545,2390364,530.0611038,,,,,,
1761284581,2392800,446.4105377,,,,,,
1761284601,2396708,347.614769,,,,,,
1761284723,2410824,0,,,,,,
1761284783,2417764,156.526886,,,,,,
1761284786,2418452,94.52119446,,,,,,
1761284792,2419476,266.0957108,,,,,,
1761284877,2431568,80.90500259,,,,,,
1761284925,2436740,389.199646,,,,,,
1761284930,2437692,117.5613098,,,,,,
1761284945,2440140,551.4669037,,,,,,
1761284951,2441152,604.4094238,,,,,,
1761285005,2447372,0,,,,,,
1761285011,2448548,783.3120117,,,,,,
1761285042,2449764,454.6358643,,,,,,
1761285067,2454596,394.0105728,,,,,,
1761285131,2462340,36.68466568,,,,,,
1761285132,2462588,566.3027954,,,,,,
1761285144,2464848,421.3835068,,,,,,
1761285184,2468404,303.5468903,,,,,,
1761285191,2469868,13.50336456,,,,,,
1761285306,2482776,59.77776146,,,,,,
1761285317,2485020,403.9730515,,,,,,
1761285341,2489476,650.2967529,,,,,,
1761285342,2489608,354.1246262,,,,,,
1761285394,2495380,35.56310463,,,,,,
1761285402,2496904,511.8327942,,,,,,
1761285402,2496912,544.7299561,,,,,,
1761285437,2499136,645.9609985,,,,,,
1761285519,2510180,25.56299114,,,,,,
1761285541,2514228,69.04543877,,,,,,
1761285569,2514988,308.2734146,,,,,,
1761285595,2520240,554.1593735,,,,,,
1761285648,2525968,296.6265793,,,,,,
1761285662,2528396,671.4412231,,,,,,
1761285773,2540416,752.9338989,,,,,,
1761285867,2553668,0,,,,,,
1761285931,2561768,462.6436523,,,,,,
1761285972,2565068,21.68045568,,,,,,
1761285996,2569212,705.2966919,,,,,,
1761286012,2572164,55.57631493,,,,,,
1761286048,2574996,575.850647,,,,,,
1761286053,2575904,696.6710205,,,,,,
1761286071,2579308,63.00315857,,,,,,
1761286105,2581320,425.9692841,,,,,,
1761286115,2583312,819.1678467,,,,,,
1761286124,2585024,265.4333038,,,,,,
1761286138,2587860,517.6685791,,,,,,
1761286185,2592448,513.1514282,,,,,,
1761286235,2597560,130.1459999,,,,,,
1761286241,2598764,564.0679321,,,,,,
1761286318,2608748,378.9120483,,,,,,
1761286323,2609828,0,,,,,,
1761286382,2617624,693.4324341,,,,,,
1761286385,2618208,0,,,,,,
1761286389,2619028,511.5889587,,,,,,
1761286455,2626928,477.4824356,,,,,,
1761286462,2628248,545.2205811,,,,,,
1761286465,2628896,32.48487282,,,,,,
1761286507,2632220,536.4689636,,,,,,
1761286521,2634948,747.9541626,,,,,,
1761286563,2638556,575.9607544,,,,,,
1761286575,2640972,703.2615967,,,,,,
1761286594,2644856,212.5047684,,,,,,
1761286639,2649012,451.0552826,,,,,,
1761286754,2664096,350.7511597,,,,,,
1761286823,2674224,0,,,,,,
1761286835,2676476,247.1027069,,,,,,
1761286944,2688496,527.0537109,,,,,,
1761287006,2695744,0,,,,,,
1761287020,2698252,398.2463837,,,,,,
1761287080,2704876,541.4178802,,,,,,
