StepV,ValueV,StepF,ValueF,StepL,ValueL
256016,0,243360,0,123952,0
272752,0,314048,0,223968,0
342592,0,353136,0,320768,0
564000,1.471151304,463840,0,392512,0
616736,5.680833721,503024,0,582208,2.861847401
626784,0,622064,5.825212479,765280,0
663040,0,643008,0,858256,0
725984,0,645312,0,994784,5.197579861
758832,0,701520,0,1183568,0
824304,0,762080,9.047253609,1211072,2.820919752
852192,0,857808,11.79431915,1359872,6.080797672
870080,0,895616,16.78179741,1437712,16.2753849
958976,16.93135128,899888,8.529780388,1554064,9.125735283
1056720,41.40700722,962816,16.15965843,1677904,10.58123016
1113904,4.594069147,1081776,0,1816256,0
1410192,64.36949387,1118192,13.97619057,1918624,0
1410784,84.75178986,1286864,20.14390755,1992528,103.5154877
1487600,0,1293936,82.41818237,2019216,94.56118774
1539264,3.858286858,1395216,26.04275703,2191328,99.21831512
1591520,23.50976372,1399952,52.80871964,2247424,198.9452209
1685440,5.202671814,1501632,12.19776154,2339664,138.7881775
1692768,105.0388756,1619056,82.88260651,2446896,201.0500793
1781424,12.40204268,1640256,101.6596146,2473632,217.9011078
1827648,62.25388412,1759568,0,2532464,0
1844752,99.54191437,1782784,0,2559344,155.9871368
1856144,0,1790736,107.3548584,2642752,37.47826767
1952320,162.8004776,1820560,0,2718672,408.5645752
1986112,19.5279253,1981984,11.39042759,2819344,215.7875824
1992512,8.360375977,2043104,1.390259624,2854720,276.7855835
2121456,119.1343002,2066176,0,2890832,76.28376007
2132528,235.6737671,2210592,48.62023926,2906864,180.7643127
2140976,31.98380356,2267872,10.77875233,3041408,129.4776917
2184720,59.3046524,2281440,213.6305542,3114096,332.1885986
2231152,109.8755447,2286032,162.0269012,3148976,7.250331879
2327216,232.236145,2296048,2.104143143,3207328,12.40709496
2336368,31.99355736,2416880,80.16824341,3286336,180.6155396
2345744,334.2870483,2503472,30.53439522,3340752,186.4452057
2379824,322.6506317,2554560,36.80465698,3370592,211.990097
2385248,15.85383282,2686368,37.045784,3461472,66.10868835
2507328,266.0957062,2720528,98.26203918,3512656,480.9359436
2517824,126.535968,2756032,27.94308281,3584752,53.10832596
2547792,418.7217865,2762624,84.36357117,3634000,322.9316711
2590800,52.49260025,2856176,27.1070652,3706896,0
2659712,359.5252808,2887872,0,3746592,0
2743232,152.4520432,2961968,11.99185371,3862176,67.98271179
2963408,10.35568628,2973904,0,3972768,295.6618958
3015456,151.5995453,3071856,43.27700043,3986640,227.5419006
3023072,29.5019165,3100848,0,4034016,210.1347046
3029904,180.5438644,3155504,175.3860016,4079504,397.9263611
3057376,6.933351946,3241072,217.0913239,4131424,208.0109711
3092256,150.6829285,3395984,40.88599777,4176400,126.0063248
3186336,199.6739182,3418944,38.28638077,4268640,227.5939941
3380064,66.4140358,3459280,223.035965,4295792,75.47239685
3476128,69.31777725,3463360,70.15550232,4418624,134.0333862
3477968,271.0967926,3478880,237.0762024,4449488,398.8675232
3482944,383.1778015,3491536,359.1961975,4475648,0
3605376,264.0934204,3604368,196.5479584,4486368,510.4787292
3671872,244.9617462,3836000,176.4743958,4646976,0
3720512,70.02834549,3880432,563.2531738,4669056,0
3722256,166.8861832,3907392,91.33608246,4716800,91.40948486
3775824,0,3921264,2.12257266,4754896,323.1162109
3842704,56.42643013,4094032,155.4510956,4818304,0
3883200,514.9424927,4211392,0,4829712,546.5348511
3899168,367.5163239,4215808,107.3329697,4846672,0
3913040,47.01229019,4239680,280.6408386,4900080,216.7242889
3942704,77.03004227,4252032,184.3994141,4965072,399.3175354
3975008,322.7959808,4360832,214.3899078,5024592,541.9545288
4097728,2.379186773,4364608,114.1355743,5065200,0
4118736,104.5727188,4447744,164.5030975,5101632,270.8758545
4155088,215.9821884,4552784,62.50759888,5108416,16.12701225
4156320,31.50157928,4573920,34.26990128,5146976,2.516201496
4230352,0,4633744,119.5321274,5209424,580.8457642
4261632,126.9545059,4733792,398.9816895,5279504,311.3338928
4278384,362.9000885,4799344,73.4355011,5303136,231.9808655
4290880,260.9784668,4867744,21.16811943,5314960,695.0938721
4321360,37.18049469,4893568,0,5342896,25.15921593
4354112,162.2941315,4914288,77.77900696,5449440,1.718181014
4416656,90.35113678,4942704,384.231842,5564912,0
4428704,401.4261749,4944176,0,5571200,319.6909485
4429952,49.05137672,4960624,267.2070923,5593040,530.6307373
4506496,165.663652,5023712,19.84627151,5609184,491.0314331
4524288,228.2664001,5109152,52.18566132,5635872,428.8867798
4549856,142.6042145,5128944,25.89368629,5687200,578.324646
4563632,296.5066315,5144784,611.3009644,5716944,466.6539612
4568368,352.1854797,5159120,454.8898621,5736352,142.5887146
4592400,155.5698944,5236640,0,5782592,0
4603472,314.2485352,5251680,433.5744629,5793632,262.6198425
4620672,147.5095688,5275632,30.23814774,5828784,16.8792057
4628240,144.469487,5301552,363.2313232,5909712,8.636172295
4658096,131.2156631,5315632,463.1699829,6008096,182.1839294
4739184,26.05609074,5324304,167.2320557,6055936,224.0916595
4751856,327.0617249,5344240,96.65869904,6096960,5.752323151
4754736,441.6815094,5402304,414.5890198,6200640,213.5801239
4763776,132.5281311,5463120,0,6217840,723.744812
4772720,72.96172256,5481808,0,6298896,496.763031
4805200,260.8498444,5534496,261.1735229,6307632,289.2388
4825104,0,5651488,11.61915398,6344160,113.5163574
4833680,377.6046021,5652416,84.85513306,6391248,289.0663147
4842368,304.1211456,5655440,187.0845032,6422160,238.9893188
4847568,593.2625427,5662736,105.3639832,6460368,569.0097046
4860256,51.40485077,5729360,306.7810974,6495872,509.8768005
4862480,278.9731384,5756048,223.0514374,6525808,604.7629395
4881456,215.2481094,5794000,343.4216919,6606112,378.7222595
5049856,505.3547791,5845568,673.5596924,6629888,609.2426758
5072400,196.9966599,5847712,122.3263092,6753808,0
5164240,109.9574753,5895872,63.9532547,6774816,741.2817993
5166576,359.8205933,5927616,27.98624611,6799760,478.6906738
5167600,285.6172852,5988784,80.86930847,6820224,462.4081116
5208672,526.3231201,6014928,215.5687256,6840240,375.6273804
5228352,273.0101715,6136816,52.76392365,6844240,454.4602051
5230368,435.67034,6269312,0,6871552,213.1551971
5240032,172.4300217,6430832,253.4393768,6951152,82.69884491
5272848,297.2965759,6450880,76.37329865,6973472,164.4955292
5281232,395.4219269,6459536,19.02602196,7090240,0
5336096,0,6551040,479.8077087,7136848,97.34091187
5342128,395.7203705,6572256,193.1436157,7165056,95.63693237
5385792,59.1934639,6597440,405.7064514,7245120,274.5923462
5404784,248.1588226,6605904,64.25606537,7295696,555.5706177
5433120,39.56044579,6635456,0,7365040,358.3859253
5461568,378.0296082,6664192,360.2009277,7458192,129.0911865
5467280,392.7264587,6699856,186.0540161,7480528,518.8389282
5476032,18.28959618,6761696,64.38909912,7516864,519.9570923
5480624,197.2075012,6784272,513.319397,7542032,517.9725342
5492080,113.881517,6801456,0,7568528,106.2121735
5522416,252.8735504,6821568,459.835022,7582304,147.938385
5535472,49.95416107,6845392,267.6466064,7688368,0
5540832,230.315213,6890416,97.64979553,7717616,512.2294922
5570336,18.69267254,6908096,48.00695801,7774512,444.7386169
5612960,507.4983215,6928720,331.4726563,7813712,103.9515991
5614400,118.2647598,6942944,13.78314114,7832336,311.1695251
5645056,77.07422791,6946384,256.3251953,7851760,568.2155151
5695616,390.1792511,6946864,298.8358154,7866176,354.63974
5699904,513.3193726,7025184,204.3200989,7905488,495.2138672
5727680,117.3275024,7043216,200.8715363,7952240,378.7442627
5770864,41.62846756,7091072,103.9730377,8023024,2.708110094
5781056,327.2556061,7172288,28.83740044,8071424,117.5476913
5806208,282.0928986,7181216,284.6480713,8078736,99.2023468
5806256,427.1080902,7229488,321.7528381,8140416,33.78362274
5845744,313.1741821,7254000,117.7333679,8179296,0
5893072,468.1196411,7264944,77.81468201,8201408,562.3293457
5936624,9.994511604,7344320,601.0289917,8231328,214.3899078
6006336,0,7374896,230.9181366,8253488,666.2189941
6012816,361.1493347,7394224,20.41347885,8271680,24.21641922
6016544,8.000126553,7426496,89.75450134,8319552,584.2536011
6059248,343.4348694,7438144,248.8928223,8417760,83.46175385
6072864,301.1568695,7461664,603.1502686,8433280,191.3842163
6126800,0,7522704,365.1030579,8518640,42.40370178
6134368,533.7175781,7543104,528.7355957,8532912,203.0809021
6144832,578.5099915,7557696,2.307502031,8548192,0
6246672,297.1725677,7625696,101.0124664,8580880,616.5079346
6270640,542.032196,7633056,118.0155563,8635712,511.8115845
6277888,287.0456451,7636064,231.6713715,8712400,61.71387482
6300608,343.1661163,7724288,66.08122253,8756480,203.6894379
6325184,545.4533936,7756240,415.0817261,8790832,357.1284485
6336464,454.3821716,7806016,48.62884521,8830416,41.98911285
6351040,393.0261108,7839904,395.9709778,8864704,95.54888153
6369664,498.1035828,7888112,31.58957291,8924400,606.3843384
6372000,435.4293274,7934720,575.5250854,8951600,512.6661377
6403760,533.5326233,7961984,204.5964203,8970480,668.7798462
6598304,95.80222321,7962544,130.3638916,8986912,151.2327576
6601104,0,7986400,311.9742737,9040976,449.4473572
6610432,0,7989984,0,9074688,292.9810181
6685888,424.0125275,8026192,349.9711304,9111376,37.57165146
6746848,456.9350098,8039184,54.86509323,9147904,213.2509003
6764240,645.8223999,8051968,702.4265747,9166144,270.2286072
6804368,276.0729675,8055072,349.9409485,9182688,61.79818344
6805232,3.896692228,8058912,587.4840088,9306816,555.6478271
6844752,509.9278931,8076048,345.315033,9409600,1.563105345
6855232,560.2657104,8103968,648.4556885,9415744,0
6857920,356.346991,8170784,424.7536926,9453888,9.665869713
6872224,0,8174240,0,9474576,556.4008179
6907648,326.223111,8213776,227.4608154,9518048,438.2415771
6949408,202.860997,8261840,105.2006302,9614096,0
6964144,287.2144226,8341648,347.2589722,9630240,310.9021912
7068816,443.2337677,8344352,385.536377,9651856,95.09293365
7104112,387.7394623,8348352,108.2207413,9681184,319.0145874
7105760,365.9892242,8389568,298.6472168,9702800,435.6085205
7106272,344.4320435,8451280,0,9736000,279.0955811
7154592,13.34403191,8481856,319.7327881,9749264,572.6603394
7185552,246.8753174,8498368,394.8849792,9797600,571.7425537
7219376,1.413044679,8526880,49.51430511,9831296,130.8351898
7220880,177.6417297,8554864,410.073822,9839216,28.05350113
7278464,0,8566752,106.9415359,9883024,0
7309600,181.7037048,8572800,142.2218781,9892976,586.8742676
7342672,365.3178223,8588080,577.3397827,9931264,370.9733887
7366016,363.0070953,8604224,548.3184204,9977664,135.8956604
7370320,25.00008831,8654352,142.397644,10019296,627.2565918
7378880,76.24090118,8671088,48.35000992,10033600,116.4882507
7413968,363.5057373,8700736,388.502594,10070720,478.603363
7437072,495.6068298,8716864,15.81687737,10135584,274.9590759
7456704,72.42885818,8763856,286.7410583,10151840,222.8387604
7476640,425.1119293,8782192,151.9597015,10243408,176.230896
7483504,1.373570931,8822704,604.9146118,10270240,425.6100769
7534976,364.8564789,8829024,139.8611298,10312704,579.7335815
7540128,161.1014694,8868608,558.0418701,10339440,533.0873413
7562864,283.3563538,8904496,157.2043304,10367312,578.8742065
7595872,8.583732319,8918240,35.53516769,10373344,87.24449158
7603328,43.94240799,8942608,505.3965149,10391760,849.8574219
7609120,23.07972965,8982416,157.9413757,10442192,275.2714233
7615776,69.56556015,8987248,0,10460976,551.1447754
7631648,414.2609253,8991744,7.386719227,10496928,305.8800964
7649024,342.9464447,9090496,182.2912292,10571744,390.5942993
7729872,0,9107584,360.230896,10627536,99.90341949
7734960,297.7158417,9109568,405.4860535,10660256,184.8081665
7742640,0,9118816,409.1465759,10668704,343.3493042
7765632,0,9161680,456.0788879,10706176,498.0970764
7786768,406.0927277,9166352,497.9436951,10726720,361.8535156
7794800,261.5373138,9207040,545.0153198,10751728,477.8479309
7811952,351.698703,9218928,622.8365479,10762512,588.1387329
7815744,1.89678719,9237376,353.4083557,10794480,646.2324219
7861808,59.08946457,9250560,532.387146,10814272,365.9892273
7903264,248.3166412,9264640,508.9324951,10864528,293.8887939
7914208,163.5867142,9285408,207.7917786,10927728,465.2873535
8007680,547.2129639,9286560,11.62686825,10946960,489.6515503
8038112,587.9931152,9301984,393.3588562,10990976,477.0370178
8243248,260.9784668,9347872,281.703064,10996992,120.6300507
8249088,111.8479202,9355440,383.3582153,11051440,119.6726685
8299296,275.4990967,9389296,106.9415359,11103472,294.219635
8322800,0,9390000,452.0319519,11127040,217.8503723
8371984,259.9442139,9398048,82.85031128,11136592,21.86383247
8379392,110.9699135,9406992,549.1014404,11186560,573.7282715
8443600,517.5336182,9427072,144.2943268,11299360,71.37310028
8463680,278.0918152,9445856,283.8182983,11367200,589.8779907
8495360,0,9464256,371.7749939,11372208,415.0116577
8682192,351.3205261,9470320,473.6782227,11433584,556.468689
8696320,487.2264587,9547584,0,11499376,443.4928284
8722816,442.7960999,9599216,288.4966125,11504752,135.0336456
8769456,48.20034828,9623024,449.5692444,11539040,87.16043854
8805200,579.9521667,9659248,0,11551072,609.611084
8829280,99.61498032,9697136,251.4872589,11569472,157.480484
8885056,154.9830597,9777616,384.5944824,11629568,439.1870728
8932848,497.1338196,9786992,465.6148071,11669408,636.1066284
9026368,330.9970825,9820160,124.2754669,11701200,318.8860779
9047200,104.7279556,9822992,901.1209106,11760704,409.7488098
9070144,491.2311401,9848112,440.4447632,11805568,598.046936
9072096,97.26004715,9884144,497.2319641,11827152,573.4821167
9082928,84.88431931,9930672,313.4709473,11838128,66.03835297
9135808,552.2438232,9948448,0,11862768,174.8261566
9138848,151.7359131,9983584,342.0770569,11901152,67.81451416
9142096,505.5624207,10047648,493.4865723,11920576,596.6861572
9164656,0,10114144,638.1292114,11942224,142.1998138
9167632,379.7034027,10193936,89.22341156,11994960,343.2190552
9174912,99.29913025,10226208,0,12083904,6.732255459
9246096,384.718277,10230656,7.755232334,12092352,18.38685799
9272432,538.2978333,10231936,247.7133484,12140880,127.7370224
9274944,428.5541382,10258592,402.4977112,12153248,818.0157471
9372112,193.0162582,10277664,95.00091553,12214032,210.6641388
9428176,242.0969788,10359184,15.79943275,12270288,583.6937866
9463552,478.9722656,10376304,380.8479309,12292032,512.7817383
9479728,220.7629578,10402464,403.8952637,12365456,801.9726563
9486160,406.1111572,10464272,565.1605225,12382640,706.8167114
9496656,248.6268127,10468656,456.3875427,12386352,450.6295166
9516800,177.0114853,10495328,0,12451984,369.5232849
9526656,150.7875595,10506336,499.1825867,12471504,593.7492065
9551632,26.30015717,10519808,580.3151245,12501136,607.6956177
9617856,0,10532976,206.3698425,12523232,327.7990417
9680752,62.16228561,10545008,466.8190308,12565008,381.360321
9690016,387.7394623,10551360,144.7303314,12619792,620.5249634
9715968,462.6436707,10552384,580.2497559,12667696,260.8293457
9724016,397.4626373,10593696,455.692749,12688224,660.3834839
9760944,385.81474,10629760,136.6654663,12750896,101.707634
9790176,147.7236649,10635168,43.18910599,12794448,51.39836121
9807488,185.0898285,10711600,87.85528564,12826000,872.3105469
9816480,99.11781464,10723360,665.2392578,12860400,0
9843744,215.1578293,10745680,32.45069504,12878000,489.7510071
9862496,173.8370682,10799248,368.8328857,12899104,446.1847534
9900928,68.30980225,10833712,503.2831116,12915696,423.6826477
9910960,100.7233704,10847456,3.556310415,12938400,364.5146484
9961616,206.5466629,10852896,141.5993347,12946512,587.4840088
10020272,319.6480682,10888016,185.5635529,12998160,389.9678345
10040656,415.7614655,10892144,356.4462585,13056592,239.7258606
10042304,293.6572723,10932976,230.5258789,13094240,64.53105164
10105728,421.2006866,10960592,137.1551666,13161136,46.12416077
10115824,0,11003456,454.1794128,13200016,527.8261719
10117392,73.92523727,11016160,136.8032379,13241136,736.267395
10123552,31.43833237,11110480,288.9177856,13247872,71.47584534
10215888,162.772435,11142128,297.4565125,13271408,492.3675537
10255392,0,11158192,0,13311984,535.3404541
10290208,0,11164528,400.8276978,13321904,639.4464722
10358432,46.40204773,11262032,37.42245865,13388784,508.2727051
10388592,165.9738922,11267760,23.04739189,13396880,77.45936584
10394448,470.4572021,11295328,656.7402954,13435136,744.6299438
10401520,201.7974792,11324384,394.7723694,13464064,475.560791
10432912,259.7795013,11336688,530.1125488,13512800,286.8891296
10434224,240.0509674,11360720,354.7521057,13527584,385.901825
10480784,231.3991791,11381744,37.48862076,13564784,584.4830322
10541296,82.91780777,11404368,512.2294922,13579600,0
10580624,50.62187576,11463744,267.0050049,13631248,735.5490723
10597088,478.8348816,11483632,109.2663498,13670176,63.45565796
10698752,184.9373795,11554736,141.0694427,13700592,71.57637787
10710032,39.63311348,11583264,103.1723709,13715840,427.6538086
10735792,545.4157104,11606624,323.1162109,13776304,328.7519531
10756016,513.6906555,11633040,8.461704254,13838992,25.09247017
10758320,0,11635312,90.45571136,13862672,764.6428223
10786144,585.6249023,11656160,62.65411377,13875136,53.7636528
10804224,133.2967758,11664432,407.0262451,13889472,135.1143036
10868080,326.5174347,11682656,489.3713989,13914912,595.8171387
10892384,36.87071457,11683392,239.3453369,13952496,580.6611328
10960672,424.090036,11688160,179.4268494,13981376,680.2446289
10976304,86.99282913,11721216,165.7473297,14039600,310.0498352
10987120,542.8352417,11757536,318.9864807,14051120,37.73619843
10994432,0,11770944,132.2939758,14157120,300.0747681
11003728,11.97606754,11832880,113.2352295,14238224,0
11082144,0,11846768,304.8265991,14249040,665.7287598
11096112,46.89842377,11868464,0,14288832,490.8449402
11101760,318.2451141,11884928,472.9499207,14321360,204.1347961
11137296,307.176059,11906704,266.0957031,14332960,54.85922241
11171136,255.9811707,11921440,135.7491455,14358672,6.602870941
11198816,105.0648857,11946624,0,14400544,384.6621704
11207104,452.9666382,11994784,56.37620926,14415456,624.8103638
11220576,193.6391968,12033104,304.2372131,14436000,176.2910004
11227888,224.1885635,12051120,475.494873,14454528,589.8779907
11252000,108.134507,12080016,476.3718262,14516256,8.796267509
11320192,506.3999084,12088560,0,14559216,210.8470154
11338480,113.6370026,12109376,556.7540894,14655264,370.4694519
11384656,376.0983215,12110608,471.5181274,14713168,0
11410000,123.3276718,12162816,78.6869812,14727376,254.9958801
11470768,193.0017288,12167936,618.1506958,14757536,600.2689819
11494560,395.2683655,12198208,143.5312653,14764560,374.7205811
11513248,125.8058716,12262048,0,14804336,291.0207825
11546960,308.4291046,12327360,0,14850080,584.9517822
11555808,629.8937073,12333088,0,14864912,619.6749268
11563312,347.9713165,12343312,45.41794205,14887792,632.2177124
11622240,156.209436,12352896,413.4623108,14895232,801.7772217
11676928,538.4013245,12359968,102.5765762,14956528,103.4628754
11705120,546.0386353,12372128,482.8807678,14962896,115.8880137
11726384,317.5810181,12397936,701.5550537,15001104,533.3961508
11730128,0,12414032,405.1009216,15032944,485.7285814
11755808,321.3817657,12444784,588.7073364,15042496,460.0381713
11785984,338.9895264,12448656,0,15074336,601.0473646
11797936,648.8070557,12452304,385.8103943,15080704,288.9600452
11870464,4.49168601,12500352,574.206543,15112544,999.6165131
11977488,416.231488,12505440,142.7011719,15122096,842.7947031
12052176,0,12548576,302.1346436,15153936,585.3417821
12115104,196.6794296,12603424,557.465271,15160304,379.2603256
12120560,455.6385406,12625376,23.56546593,15192144,12.43333333
12150912,164.9620789,12659440,531.4411621,15201696,549.266801
12176544,0,12680272,0,15239904,424.073616
12185520,489.6062622,12681664,423.6826477,15271744,768.0627942
12201168,304.9788483,12690464,82.39757538,15281296,281.6154568
12223232,446.6248077,12691792,0,15313136,429.5584782
12262192,80.7284729,12734096,449.0211487,15319504,245.0289317
12281968,263.7256256,12778224,164.2145233,15351344,355.3927257
12296896,442.2403015,12787760,0,15360896,97.78454461
12306944,55.92396011,12803712,454.6358643,15392736,685.4951993
12352976,155.9871414,12871120,417.6940918,15399104,515.9614136
12361328,73.21685944,12894112,0,15430944,872.4048204
12370912,73.25052567,12957840,48.34921646,15478704,565.654891
12412928,496.3064941,12967824,433.2368774,15510544,767.4512605
12447152,9.521198273,12980400,285.2435303,15520096,372.4680975
12468992,402.9876343,13003216,526.5597534,15551936,374.4260959
12492128,21.80811882,13123328,0,15558304,527.8965284
12496976,209.2522522,13155600,0,15590144,407.6750098
12515088,0,13196560,350.9369812,15599696,247.5406507
12531520,18.86591492,13217984,501.9532471,15631536,394.5884784
12570864,93.45800171,13229840,0,15637904,446.2326231
12580880,0,13270784,512.8427734,15669744,13.23333333
12605440,0,13287696,463.5518799,15679296,652.3061497
12757392,0,13334016,400.7262573,15711136,213.0943984
12767648,5.517739534,13432928,539.3295898,15749344,363.994982
12770752,0,13489920,499.8482971,15758896,610.0751839
12818800,54.24735718,13516288,439.4537354,15790736,455.9519638
12826656,58.65846405,13535376,0,15797104,180.3994787
12844736,289.7697052,13559872,516.0030518,15828944,719.4389583
12876176,518.2363037,13572848,279.2362366,15838496,597.9388596
12880656,74.94539337,13604256,51.87645721,15870336,410.5091897
12881728,616.8582092,13607520,222.8387604,15876704,262.0056944
12949600,617.8984497,13617760,214.0179901,15908544,419.1552166
12981200,175.5028152,13644272,0,15918096,371.7177057
13030592,94.68056717,13665216,627.4100952,15956304,585.5064723
13132960,72.97711029,13668256,487.4906921,15988144,665.254189
13199104,320.8751862,13678784,419.6314392,15997696,554.5115198
13204400,228.0053925,13732656,0,16029536,574.9063369
13208032,495.1949524,13738256,248.5509338,16035904,294.1922706
13271792,71.49223938,13758272,38.30335999,16067744,313.7438989
13282352,11.73951645,13808784,66.72016144,16077296,87.38428386
13300560,143.2282928,13814688,437.936554,16109136,622.0085633
13310000,69.12163696,13845856,390.6413574,16115504,394.2130766
13315600,0,13876336,65.49409485,16147344,549.6810866
13325136,75.10531311,13903520,464.5050049,16156896,436.9168108
13363632,0,13910736,100.5250397,16188736,531.2185127
13377808,519.5779541,13933168,31.84755707,16195104,340.7328164
13444320,348.2093903,13934768,159.9469147,16236496,281.0462853
13468672,281.5535522,13954368,84.07151031,16268336,630.4473027
13501232,380.3049316,13964480,194.9839172,16274704,411.3952942
13511552,181.1463547,13987168,576.5144043,16306544,755.831357
13524576,436.2068848,13992144,464.4380798,16316096,574.2614968
13527600,0,14011424,582.2490234,16347936,473.4175156
13529216,361.0102753,14045376,138.630722,16354304,633.7139604
13541328,215.4108032,14046192,440.7568359,16386144,255.2246524
13565680,397.2552429,14052416,318.7379456,16395696,297.4953196
13585136,548.7168823,14096592,169.8006134,16427536,667.5052562
13596320,94.79078751,14106240,0,16465744,400.4110415
13602288,17.80176716,14113632,147.1895905,16475296,877.3049861
13653600,214.6300735,14152736,190.2038116,16507136,759.3020935
13670544,184.3392563,14168688,73.37832642,16513504,14.66666667
13675136,362.7859131,14196064,484.614624,16554896,27.345239
13692448,553.5711365,14204688,502.8486938,16586736,408.8865038
13699024,682.1823669,14230768,0,16593104,313.7305385
13705984,470.231488,14233392,79.82318878,16624944,561.7750265
13735664,551.1982544,14294064,302.7052307,16634496,602.5730258
13756224,507.3226501,14322112,536.5985718,16666336,588.0054191
13803520,26.91744976,14342224,162.3699493,16672704,516.2442325
13820448,346.6544678,14401984,362.5427246,16704544,671.6576321
13833168,393.8532715,14415264,248.3992767,16745936,398.720087
13835696,534.8743286,14420608,0,16752304,92.94320851
13864144,336.6419952,14460032,324.2743225,16784144,760.8663668
13908672,414.528717,14495136,500.2507935,16793696,581.9082267
14013632,267.3806946,14498688,138.8414154,16825536,499.2291086
14019632,96.02038422,14506144,389.1292114,16831904,368.5423132
14039536,24.56514988,14513248,679.9439087,16863744,15.23333333
14067840,373.7848206,14541104,519.9570923,16873296,1145.673153
14078064,0,14543952,14.90650368,16905136,369.2792934
14088800,446.9987,14551792,610.3844604,16911504,622.9554647
14100816,108.5670456,14619888,476.7734985,16952896,524.0748497
14186400,196.0266495,14712032,204.2624207,16984736,416.4609801
14194096,261.8504517,14732528,0,16991104,673.9897681
14205392,549.2430725,14782320,41.19878769,17022944,187.596129
14205408,230.6665283,14811184,326.1627808,17032496,263.3105362
14232544,15.82148666,14816224,108.3621445,17064336,535.6742778
14261696,0,14871136,26.45976067,17070704,345.7757122
14281024,26.76585045,14876608,25.12009621,17102544,93.70597621
14334752,76.49158173,14877312,117.4968033,17112096,1080.189399
14357920,665.5083069,14916256,529.0791626,17143936,693.1579648
14410256,130.3873077,14927200,531.6395264,17150304,588.9657479
14416768,100.2774422,14950112,295.8406372,17182144,483.5812675
14432448,441.1859711,15063856,74.68839264,17191696,421.8193812
14481120,265.9429688,15110432,0,17229904,867.361771
14508208,601.5461243,15176976,62.5561676,17261744,645.2035468
14514800,217.460289,15193424,89.38870239,17271296,513.077517
14515120,124.0196045,15199328,6.892095566,17303136,15.96666667
14570160,0,15232576,124.1150055,17309504,309.6880133
14595440,509.0090515,15247616,50.09923553,17341344,864.5413083
14600080,408.4334198,15335248,4.573477745,17350896,744.1329536
14657120,433.1132172,15344096,14.02240181,17382736,560.015549
14678592,485.7585754,15418960,493.170105,17389104,345.4924398
14710976,83.71647263,15435056,0,17420944,135.1456909
14732032,540.5740356,15476016,512.642395,17462336,775.3653508
14759424,484.1939575,15489152,160.0797424,17468704,639.4319707
14760592,565.4533447,15491232,100.1688843,17500544,599.6967919
14764704,578.4746155,15493072,237.0873718,17510096,106.0392261
14765008,479.4557739,15540544,373.3295288,17541936,300.1842979
14798032,488.8645752,15621040,0,17548304,683.5068609
14817104,450.3610931,15640480,19.55284882,17580144,213.6907091
14837888,292.0079224,15662528,427.0671692,17589696,594.2379134
14859920,488.1966614,15673440,132.852478,17627904,917.4980992
14889360,363.8242035,15685888,515.894104,17659744,316.2969877
14906880,258.4929749,15710448,155.9871368,17669296,731.8563022
14919024,268.5530457,15723088,114.6673508,17701136,559.7449629
14942736,408.9854553,15729824,269.6456604,17739344,248.4265585
14946000,13.92837582,15765840,422.2051697,17748896,310.8206657
14961520,210.0755539,15807808,23.74918938,17780736,891.5432797
15010512,153.8140045,15812384,92.38030243,17787104,160.0014059
15012944,20.43807392,15820528,344.2033997,17818944,483.0623812
15032336,562.0147339,15828112,138.6375275,17828496,326.1899846
15037840,278.853717,15828144,367.7745361,17860336,244.9672784
15058736,84.11702728,15862336,550.1136475,17866704,526.1901491
15058992,481.1365723,15916528,32.75024033,17898544,383.3423129
15117344,414.7055145,15931872,387.9611511,17908096,319.1160307
15187632,86.38371277,15961216,46.30646515,17946304,453.4831322
15194720,465.0216064,15978256,718.4921875,17978144,167.9655768
15204576,595.7947815,16025712,0,17987696,455.8065553
15210432,33.97124062,16076832,392.8799438,18019536,717.5630274
15267840,136.3581299,16089696,0,18025904,351.2326012
15294960,63.07288055,16094544,536.3984375,18057744,429.8316898
15307296,36.76085129,16229856,0,18067296,482.8158462
15327408,80.34068298,16259264,123.0001221,18099136,17.3
15447536,344.7302399,16262304,446.3371582,18105504,760.4759511
15471680,90.31198425,16286096,87.76689911,18137344,867.8824042
15514576,332.9460571,16304448,84.26396942,18146896,266.5870753
15517008,438.451062,16306624,458.7141113,18178736,578.7615681
15529776,372.9188232,16374144,0,18185104,423.7970367
15560320,0,16409472,430.4312134,18226496,646.7922327
15632096,482.8517029,16520144,0,18258336,244.0808458
15656304,303.8256958,16536960,167.883728,18264704,51.06850642
15688144,511.7225098,16555488,351.8811035,18296544,17.63333333
15702880,99.41458969,16580048,0,18306096,633.5104498
15717456,555.8798584,16595552,46.73168182,18337936,620.9399748
15722608,126.8306625,16627552,542.4735718,18344304,330.1530558
15735824,136.6090714,16635008,34.65495682,18376144,668.2098368
15773168,528.4008545,16652224,673.2839966,18385696,602.0805496
15796704,360.0437805,16679040,183.1057281,18417536,402.591685
15799328,0,16680096,579.2449341,18455744,385.1215043
15806864,0,16699360,300.8230591,18465296,560.689861
15822512,404.0957153,16816512,9.913471222,18497136,415.7117322
15844768,380.7657257,16862032,128.548645,18503504,361.5791504
15871936,475.0274048,16863568,134.4480896,18535344,791.0583901
15911520,3.112587261,16865760,194.9839172,18544896,892.8832738
15911744,496.1397217,16934576,0,18576736,100.8239223
15931568,563.9250916,16959248,533.9503174,18583104,658.656594
15968992,531.1101929,16968752,406.5085449,18614944,588.939088
15989616,417.1377228,16974096,336.9923706,18624496,188.870276
16008320,185.690506,16984816,67.61774445,18656336,591.5442624
16017776,98.31003113,16985616,500.9126892,18662704,424.3576855
16053184,115.9904388,17015264,390.8100891,18735936,342.1048816
16113168,84.36760483,17016208,476.6273499,18742304,489.4684195
16181952,463.8600769,17090832,361.8901672,18774144,295.0055484
16203264,85.22637863,17098224,219.0858002,18783696,232.0956703
16217632,474.8895264,17204032,145.47995,18815536,641.9888035
16223984,529.0627808,17214480,0,18821904,731.1212906
16227136,274.6215363,17233200,657.8413696,18853744,403.5291648
16242480,415.4351166,17255728,3.698493242,18863296,79.24411696
16245696,175.6369446,17262784,182.9576111,18895136,133.1170824
16273008,425.3361328,17268736,121.9306488,18901504,316.203468
16302912,41.23348503,17269824,462.6436768,18942896,409.4241434
16304896,408.7614716,17312896,61.23437881,18974736,764.4406921
16317280,210.6734436,17346176,0,18981104,526.9170419
16355088,75.53365631,17399648,473.7582397,19012944,590.0821594
16356032,230.2818008,17412032,263.23703,19022496,385.4416795
16374288,20.49982052,17413024,0,19054336,716.8372227
16398848,96.79303894,17419488,448.9952393,19060704,779.2736974
16483856,236.7971741,17426320,0,19092544,366.9767109
16554768,589.03396,17458048,632.1225586,19102096,664.3398524
16561312,439.261908,17460000,27.31658745,19133936,694.127297
16562080,277.1662445,17471552,172.5377808,19140304,443.5060454
16582464,511.7064148,17515856,331.8829346,19172144,378.0565004
16666640,309.27258,17551776,692.5332031,19181696,121.7509164
16747968,160.2229202,17563408,560.7802124,19219904,434.047168
16812496,73.29951096,17564464,316.5198364,19251744,799.3095721
16894288,264.452948,17571776,530.1663208,19261296,19.26666667
16913728,167.6797531,17588352,116.139328,19293136,66.37688546
16944304,64.25450134,17604000,416.7107849,19299504,649.5523372
16948592,505.6308105,17609264,504.4937134,19331344,488.463917
16985552,155.7727432,17609968,525.078064,19340896,693.0206722
16996464,59.78361511,17629088,606.1811523,19372736,582.409084
17020496,27.12367859,17651360,382.1921997,19379104,451.8144534
17039504,468.6347351,17683184,201.9476318,19410944,429.4499214
17040288,152.2341568,17710528,305.8984985,19452336,419.5471145
17060080,263.4057037,17717696,7.123821735,19458704,313.3585474
17064240,527.0244873,17737760,288.8189697,19490544,661.0736633
17090208,274.1152588,17748832,589.1843872,19500096,522.4752707
17100752,464.6464783,17758512,271.5986938,19531936,508.0706043
17115824,508.9080322,17758592,18.5698967,19538304,539.9019628
17123552,0,17782368,485.3677063,19570144,583.3123148
17188304,452.8099182,17793376,187.356842,19579696,388.1011932
17210032,270.0175232,17835472,24.11520767,19611536,574.8428363
17230256,277.5473877,17845696,283.6129761,19617904,362.7065602
17265312,464.7561768,17867920,522.6270142,19649744,437.8935865
17278016,0,17878016,574.8850708,19659296,755.6554827
17327696,557.4020142,17903376,367.6085205,19691136,440.5851016
17356640,119.5180939,17912064,751.1557617,19729344,373.366268
17373744,76.24090118,17918352,522.1176147,19738896,695.4378846
17378160,0,17928576,570.3894043,19770736,122.759805
17393472,63.87966843,17934304,373.0030823,19808944,190.2643129
17503920,0,17934960,567.0892334,19818496,465.4677821
17521472,262.1204132,17940880,323.38797,19850336,369.3632386
17540480,370.0348297,17985472,165.4209595,19856704,381.2662182
17550784,361.5193542,17987232,359.0722961,19888544,710.000306
17565584,0,18030480,0,19898096,384.2301295
17572816,644.9527771,18155968,58.95256805,19936304,454.1369165
17688704,310.444986,18162336,16.37067604,19968144,750.787015
17751376,72.77540817,18171456,0,19977696,263.5903769
17752928,266.7510406,18173296,49.6011734,20009536,526.8557623
17798320,398.3694763,18186432,482.1212158,20015904,221.812457
17798832,383.7195374,18283872,117.9473267,20047744,499.7208159
17804320,553.8297546,18322208,174.2835693,20057296,60.29263446
17812736,77.54788971,18333680,252.7165833,20089136,465.6212165
17839664,132.8795425,18352640,343.856781,20095504,241.5335459
17852720,449.5874634,18383088,156.526886,20127344,664.2556937
17870256,282.9013275,18443776,298.2348938,20136896,214.5550647
17871664,218.3798721,18497344,337.8866882,20168736,325.0327339
17879840,272.3253662,18535488,626.182251,20175104,650.6086499
17886208,515.3499207,18536496,424.3552551,20216496,170.3683628
17907760,485.3789978,18574384,390.9307251,20248336,32.43386477
18030832,251.9346588,18598368,585.0526123,20254704,778.842192
18042832,410.3177948,18613520,592.0493164,20286544,1075.416073
18056496,620.4740295,18617152,439.3511353,20296096,472.1608832
18073408,154.2145523,18641680,642.9259644,20327936,628.7966898
18104848,52.88643951,18650224,492.6505737,20334304,438.7352302
18129760,3.736475945,18653600,393.244873,20366144,285.8371779
18146752,93.30628738,18678048,505.8679504,20375696,444.8279518
18162528,354.0229706,18719808,448.3168945,20407536,490.1147508
18176592,185.4790054,18737616,9.43208313,20445744,242.0385169
18178064,210.1297714,18740880,483.9335938,20455296,416.2218638
18210896,0,18766048,115.105011,20487136,606.8278298
18228752,365.1358063,18784768,134.5036621,20493504,287.3753068
18236448,54.42866592,18804304,302.8369446,20525344,142.0635597
18246672,474.9491821,18847568,444.5182495,20534896,529.5160949
18320960,309.6018402,18872208,543.7307739,20566736,327.1763511
18398640,0,18886128,185.6872406,20573104,315.5213453
18418496,8.208193874,18931872,206.2812653,20604944,665.2439825
18459840,520.0520142,18961488,0,20614496,46.59541666
18470000,75.90921707,18978688,15.46539116,20646336,643.8486315
18493168,168.8153824,18988848,71.35058594,20652704,224.8634512
18595344,78.47335052,19001904,353.8282471,20684544,765.077974
18612336,699.0495117,19019616,27.11356354,20725936,635.7314762
18618864,277.1452881,19054272,253.5665283,20732304,491.5574062
18628672,638.6297058,19070064,151.2918701,20764144,437.0883104
18628720,770.0121277,19101632,229.3928528,20773696,464.1183797
18685344,333.7101837,19107616,0,20805536,693.9518017
18691616,117.7151962,19147376,269.0750732,20811904,244.5231312
18712992,487.9417786,19186080,445.6221924,20843744,595.7831267
18713696,322.9880493,19277920,683.7536011,20885136,359.6987173
18726624,201.7974792,19293232,476.1945801,20891504,323.7721205
18756752,0,19349200,258.7147217,20932896,430.9488336
18764624,285.1469055,19355328,70.85973358,20964736,592.8011636
18817760,133.5015884,19376976,552.6481323,20971104,356.0653141
18845504,338.3322144,19377328,523.2987671,21002944,300.9749391
18850688,0,19383616,437.0653992,21012496,399.8470134
18853600,0,19395504,288.3587036,21044336,536.7914242
18876528,369.5980133,19417904,420.3513184,21050704,379.2041221
18901920,432.4366791,19431056,366.2855835,21082544,494.142835
18958352,571.6283752,19440720,190.4685059,21092096,194.7544555
18965184,505.7471008,19497072,164.4758148,21123936,674.6279385
18984672,568.7057922,19515360,99.10681152,21130304,22.4
19087664,142.3518997,19525424,301.4746399,21162144,437.7719835
19105232,571.8067932,19559264,97.39461517,21171696,342.4051517
19139232,272.0771851,19592960,214.3899078,21209904,387.520591
19144368,399.6332886,19631504,18.84620285,21241744,537.1229001
19154784,419.2857147,19707856,436.677948,21283136,433.7189577
19176400,150.7875595,19750656,303.762207,21289504,352.9969558
19226560,547.8572571,19751440,4.153164864,21330896,22.73333333
19292432,257.892572,19760080,335.7051392,21362736,152.5644354
19356960,0,19771792,239.8893127,21369104,345.1717209
19439280,107.5821693,19789040,378.0189514,21400944,577.0834871
19497376,538.0525635,19821728,76.06314087,21442336,841.6943522
19510240,456.3060699,19823904,415.3927307,21448704,622.7846294
19526832,95.34576874,19836816,541.9891968,21480544,911.0940605
19540128,43.61290054,19849584,76.59951782,21490096,438.000237
19563888,356.6471375,19860464,542.0875244,21521936,485.9004846
19575744,0,19886112,499.3614197,21528304,389.0930991
19583408,299.4423431,19897136,513.3753662,21560144,487.258377
19588496,423.8141144,19967552,62.20181274,21569696,601.896289
19593024,150.9273193,20002832,513.1156006,21601536,386.2207967
19606928,93.80792999,20008816,0,21607904,372.8013288
19625680,104.3913895,20059424,600.8612671,21639744,707.9261895
19638176,559.1742188,20063184,244.5526123,21649296,339.7086303
19716496,537.917157,20093168,407.5339661,21681136,584.8120518
19816736,0,20102944,61.38818359,21719344,23.36666667
19832656,27.34809494,20156944,127.3694611,21728896,609.7155602
19891152,521.9569336,20162896,469.8051758,21760736,256.9157119
19915136,267.5357391,20209152,30.29383469,21767104,270.5396017
19925184,364.5472961,20215984,424.7536926,21798944,724.0077518
19950080,654.5441162,20235200,500.6227112,21808496,348.2664713
19951296,411.6765289,20295408,412.4403076,21840336,430.3065621
19964336,50.01553001,20297024,627.9326782,21846704,413.305721
19978416,382.4415527,20317424,467.8605652,21878544,23.63333333
19984112,315.9730042,20381152,82.32407379,21888096,719.9487412
20015248,387.2410675,20381344,282.2001953,21926304,537.5014242
20029664,336.9409882,20393776,388.7417908,21967696,655.0418309
20037888,129.5663956,20468896,550.8221436,21999536,154.8533906
20057056,627.7686218,20473680,541.0041504,22005904,453.7658808
20063904,95.34576874,20480768,204.6889954,22037744,453.2391425
20092880,390.0858398,20488464,580.8282471,22047296,284.3474394
20106144,200.5548843,20489632,163.6031494,22079136,358.1695612
20292528,481.9047363,20509056,35.1759491,22085504,692.6794255
20325904,0,20521248,572.6110229,22117344,509.060734
20372416,67.53081665,20526368,403.1079407,22126896,448.4648994
20372528,629.2165649,20545312,481.5570984,22158736,117.0203586
20398576,411.1129852,20546048,489.3581848,22165104,368.7201863
20414624,233.4440643,20554752,307.2072754,22206496,331.157446
20465248,19.54519615,20562528,395.6524963,22238336,396.9909449
20466848,2.04339695,20573616,480.0113525,22244704,1109.814083
20508912,557.7074341,20584464,3.084010839,22276544,544.6258503
20543200,338.5666626,20642464,480.572937,22286096,24.33333333
20582752,0,20714880,243.5199738,22317936,131.3028909
20603104,207.377037,20732976,389.8988953,22324304,296.4483361
20609088,2.753831291,20762832,339.5752258,22356144,382.0423161
20616048,201.5477325,20771664,335.9129028,22365696,175.7154272
20639488,343.0238434,20832896,103.4546127,22397536,329.5826406
20642224,149.4041885,20895616,0,22435744,710.060395
20664896,256.5383972,20940928,443.4145203,22445296,24.6
20702256,10.85381069,20954304,0,22477136,178.368834
20716864,178.5642242,20954352,510.9638672,22483504,317.0561465
20717024,397.8434235,20974704,5.35974741,22515344,476.5093081
20732688,290.9431274,21008112,121.0964966,22524896,813.5358837
20761232,570.8446655,21031616,0,22556736,535.5612424
20829728,83.232621,21068880,585.3554688,22563104,450.1882804
20844880,38.16810379,21079296,60.74020767,22594944,149.7690614
20848448,557.2303528,21109792,298.1955872,22604496,449.8754594
20898096,131.2464249,21165840,0,22636336,507.9756508
20903888,474.8152039,21195520,219.5935364,22642704,801.2988475
20909056,19.29712315,21206720,46.70506287,22674544,479.1138167
20959040,60.74247437,21211168,36.72437668,22715936,55.27504629
21055104,305.382074,21216528,135.4379272,22722304,337.1560008
21063040,157.7690414,21249456,87.96552277,22754144,702.2903108
21088208,198.3563553,21266720,687.7747192,22763696,914.9727738
21094784,513.270813,21335648,40.03438187,22795536,890.0906164
21110928,0,21347664,213.7610931,22801904,25.2
21188560,241.83479,21367536,294.3947754,22833744,644.0017796
21197792,45.43821716,21388160,14.19667053,22843296,954.4778166
21214928,413.4535126,21434800,422.0727539,22875136,358.151068
21238832,539.8712402,21453312,566.7034302,22881504,507.5932065
21280176,646.2324097,21506592,397.7831421,22922896,638.210638
21280848,111.2557297,21508384,346.7857056,22954736,90.59762742
21307280,86.42000885,21530624,325.6750793,22961104,145.046674
21318976,277.9019989,21545056,58.76186752,22992944,473.1204689
21361216,440.2358185,21631568,289.9760742,23002496,584.1716397
21377104,369.3687286,21674288,67.21585083,23040704,282.7311195
21418608,533.8333191,21676032,106.800148,23072544,677.2975363
21429424,132.01073,21703360,579.9521484,23082096,455.7559818
21477232,470.2330811,21710720,304.375946,23113936,687.044654
21488816,467.6926025,21726496,313.053772,23120304,228.9502558
21489728,428.0134735,21736480,24.855093,23152144,767.4470006
21518176,41.83010445,21753216,352.3496094,23161696,405.7973398
21527184,289.7697052,21762416,315.235321,23199904,173.4607252
21583664,165.4640579,21792512,219.0564728,23231744,233.7493767
21641856,186.9696579,21865376,50.65330505,23241296,476.1800879
21643840,80.15839233,21869808,466.636261,23273136,238.3523251
21671840,581.9417358,21880160,196.0401764,23279504,555.5527311
21674944,0,21908272,0,23311344,920.4869319
21722640,256.5383972,21911408,231.7431793,23320896,573.8961497
21734784,489.9890259,21973776,520.9151001,23352736,320.1641688
21748784,19.72702847,22153024,547.1246948,23359104,259.859044
21806704,59.27874527,22182160,546.2492676,23390944,442.4963009
21813728,471.0066833,22193072,524.3212891,23432336,649.9121874
21841152,35.55689392,22206560,207.7781372,23438704,323.3911444
21888128,318.0675201,22210784,172.0010223,23470544,576.0585898
21896960,67.0769989,22237888,6.053294659,23480096,264.2200746
21985136,0,22271776,156.3677521,23511936,235.3793458
22024544,157.5973251,22280192,438.5419922,23518304,801.5425658
22039040,568.0833618,22381616,80.58119965,23550144,535.0831278
22059616,164.2123306,22433808,53.54672241,23559696,271.7995667
22089536,392.0960632,22460048,275.9992065,23591536,489.487307
22098880,524.5434448,22481872,66.37750244,23597904,320.225429
22100784,333.4724945,22490368,0,23629744,442.9365162
22108128,2.357693052,22528096,499,23639296,467.126071
22112240,341.803894,22548032,98.48244476,23671136,520.7080038
22129840,76.67164078,22561488,484.6743164,23709344,260.1658858
22147200,567.0749268,22610944,0,23718896,191.6986551
22163984,420.1165283,22699536,0,23750736,329.940584
22208208,0,22732624,629.1934204,23757104,861.3282377
22210128,359.3580963,22749232,697.9559326,23788944,75.3132537
22238176,195.7338638,22770048,246.653595,23798496,528.9136074
22263728,0,22801792,0,23830336,277.6795934
22279184,397.2740295,22835584,342.8613586,23836704,553.4801587
22337776,99.23269043,22866384,188.0925903,23868544,425.5810467
22374960,438.1472626,22917296,369.7400208,23878096,496.6909184
22456128,1.034050691,22943904,168.3588104,23916304,343.8948759
22470976,52.85211067,22962368,42.45145416,23948144,757.6164474
22495264,416.2846893,22984512,376.9689026,23957696,495.9519498
22500240,131.331102,23065072,0,23989536,766.1672373
22502800,593.8966736,23114192,150.7875671,23995904,497.9968023
22503072,53.1021801,23131952,0,24027744,316.1440617
22575280,284.3897827,23141920,234.6549988,24037296,583.7771071
22597056,321.809491,23163680,570.5886841,24069136,629.3067297
22618080,538.6028687,23177888,203.9967041,24075504,755.8144322
22620064,21.74820728,23240992,130.5653229,24116896,624.3342662
22643360,644.5953369,23287456,24.86875725,24148736,459.7411599
22661776,185.8620575,23310928,175.9763336,24155104,27.46666667
22667424,388.8858307,23311792,744.0175781,24196496,688.5663268
22693856,517.8470581,23324832,99.03379059,24228336,475.5042697
22698752,563.9846375,23329680,338.0165405,24234704,373.5721504
22719904,400.3701691,23362960,0,24266544,327.9455627
22732544,482.1487976,23366848,210.4012604,24276096,541.3195995
22796320,0,23403632,516.2738647,24307936,216.0605574
22830080,482.6059937,23498448,137.5129852,24314304,170.612096
22901824,599.9505249,23500928,698.5217896,24346144,558.899523
22937648,152.825235,23516576,1.602304816,24355696,393.0748198
22948880,0,23547488,88.17986298,24387536,203.7655262
22961952,115.620694,23621632,439.3766785,24425744,398.7255596
22980112,83.47031021,23670864,197.2511749,24435296,75.8595818
22997280,389.2735382,23684336,98.32278442,24467136,746.4665128
23012768,538.5609558,23694368,431.4085693,24473504,796.5247874
23059168,411.2388062,23697456,455.1441345,24505344,503.3224696
23131696,510.7998779,23725648,66.83655548,24514896,738.4574596
23145616,234.2499664,23731776,473.6782227,24546736,197.6483593
23159872,182.9781738,23748016,6.747653484,24553104,783.1393726
23169200,629.5769714,23774224,494.6651001,24584944,681.7022492
23207600,218.8851746,23786416,75.27172089,24594496,171.6103013
23235760,138.3403519,23803824,391.4441833,24626336,397.0578348
23265408,245.5502838,23813328,376.8765259,24632704,142.13574
23277056,281.4238037,23819024,491.2274475,24664544,492.738091
23318320,437.7703491,23825904,328.0367737,24705936,152.9516107
23329760,49.45355873,23842896,249.959549,24712304,458.6818414
23344784,615.7387024,23905952,6.796314716,24744144,348.5644371
23363152,319.4540497,23905984,320.3259277,24753696,83.99864476
23402640,55.23270721,23923616,410.8652954,24785536,167.9434323
23412096,0,24033168,0,24791904,584.5638933
23442736,445.6631744,24037360,58.14430618,24823744,705.3222453
23461184,565.4533447,24091072,389.5946655,24833296,575.96551
23502224,710.2694092,24116608,0,24865136,333.7090584
23534048,192.2516647,24127328,87.94263458,24871504,296.2254314
23567760,0,24141504,378.3702698,24912896,635.8219109
23607104,74.87455902,24186528,422.0226746,24944736,317.0662683
23626944,28.05350132,24199520,160.4478607,24951104,656.9922327
23635808,0,24227824,368.202179,24982944,553.7576522
23662560,317.2413757,24228208,341.5490112,24992496,423.0121489
23693648,9.767908287,24259824,389.3754883,25024336,139.5163622
23785136,129.2387421,24266880,48.24445343,25030704,152.5140404
23832464,302.9214386,24273184,0,25062544,399.3728055
23926704,59.09518433,24299776,321.9663391,25072096,506.5550808
24077248,360.8524017,24306656,521.8766479,25103936,338.4023722
24092432,358.5262115,24316912,331.1586304,25110304,565.4957016
24102016,32.93547707,24349696,188.5448914,25142144,317.2635847
24134080,203.2583313,24408848,228.3467102,25151696,443.4630649
24136848,273.3125977,24466784,0,25221744,29.23333333
24179136,400.6543304,24499104,387.772522,25231296,812.0651878
24183200,495.7979919,24528992,18.17204094,25263136,381.4846097
24216112,352.4904053,24545712,68.75616455,25269504,413.6819819
24298288,0,24634384,0,25301344,294.2547192
24337968,305.2121155,24668656,55.42905807,25310896,608.7233322
24339904,54.5916069,24669664,348.9185791,25342736,298.6481007
24369088,66.5284584,24695936,208.5822296,25349104,595.89765
24373984,497.5989807,24718208,422.7688599,25380944,262.0021117
24378528,479.0677917,24718576,236.8391113,25422336,333.7366057
24399872,629.447168,24721232,299.2476501,25428704,540.0793249
24415472,494.2354065,24727264,720.5777588,25460544,612.2154594
24423392,377.6413513,24754480,292.7052612,25470096,640.2452048
24462640,566.4127258,24803488,14.77343845,25501936,382.5585445
24497376,86.33090973,24840784,485.3677063,25508304,662.4411152
24525792,147.5363068,24841728,84.31459808,25540144,874.490951
24602368,158.6464371,24858736,161.4139862,25581536,375.9705478
24622448,4.07656374,24870176,570.2050781,25587904,675.610872
24714336,592.6980652,24877120,417.8870239,25619744,590.447476
24723584,354.8700714,24899360,36.01613998,25629296,154.9473393
24775728,1.062549376,24904736,419.5827942,25661136,414.9597319
24784032,342.2600189,24912640,215.8789978,25699344,93.45145881
24797312,269.2087372,24953312,272.8729248,25708896,500.8110854
24868720,76.93242874,24972736,10.64633274,25740736,452.5554954
24919760,85.12836685,24995424,126.2214737,25747104,43.56061771
24937952,254.2950714,25014160,121.2195129,25778944,330.2213518
25038032,535.1293762,25017520,485.020752,25788496,871.2436781
25095568,487.9576538,25047360,38.48585129,25820336,1020.818673
25105552,493.6625793,25069568,326.1446838,25826704,604.9027252
25191424,629.8366882,25141520,4.954684734,25858544,583.1933547
25198784,354.7942657,25157136,521.013916,25868096,424.2261014
25219360,0,25166304,45.46358871,25906304,462.0906038
25242032,75.33797607,25166416,78.12827301,25938144,198.0440596
25251136,247.764386,25168624,427.5134888,25947696,444.4672087
25254592,462.4334473,25204416,71.4557724,25979536,627.3557804
25276528,372.6557556,25260256,461.594574,25985904,785.2712733
25294288,619.1462769,25354448,53.79780579,26017744,570.390173
25324960,329.3559174,25381104,0,26027296,585.5202554
25337824,79.51688004,25393184,112.1560364,26059136,299.0185657
25341696,623.3514587,25405008,245.1830292,26065504,762.7008221
25363680,484.1802795,25439664,350.9710693,26097344,196.0182289
25387712,678.0919922,25499840,24.38612938,26106896,572.0158117
25464640,124.0577271,25515520,0,26138736,30.76666667
25465872,317.4475067,25578336,159.0877991,26145104,369.503341
25472720,381.383075,25617024,481.9337769,26186496,918.6509789
25485344,222.8315872,25639552,29.18092537,26218336,30.9
25517968,419.7179718,25657136,370.789093,26224704,201.5324662
25527760,242.5829315,25664912,69.9529953,26256544,283.774971
25541072,0,25697536,643.6956787,26297936,888.6184311
25556416,181.9559509,25706480,218.7969513,26304304,31.06666667
25609152,221.4973526,25736640,96.04303741,26336144,732.7358077
25617408,0,25774096,33.41106033,26345696,485.0129473
25620112,252.9659729,25786272,535.692688,26377536,504.608067
25622064,0,25801616,47.21948624,26415744,439.3528899
25638320,561.1236877,25832144,0,26425296,314.6381343
25705680,572.7721069,25862000,28.87175751,26457136,190.1339475
25762416,207.0836334,25888768,0,26463504,890.8704779
25812528,10.42844324,25909024,61.58784103,26495344,465.5110241
25849664,666.8450134,25922192,495.2876282,26504896,381.5454662
25854656,6.55950222,25952320,0,26536736,33.22117675
25904960,589.1844177,25992672,473.7387085,26543104,201.4731817
25979392,431.6490967,26018064,306.2713013,26574944,365.5030355
26029424,234.9936035,26080240,204.7980194,26584496,587.8157163
26044352,393.1478394,26127872,505.4331665,26616336,31.56666667
26079088,448.3771271,26262848,428.1034851,26622704,373.1470452
26085888,63.48950272,26270976,494.6858215,26654544,429.0165653
26102368,364.0057526,26271520,424.391449,26695936,685.9758704
26135824,443.6634155,26315216,480.5317993,26702304,294.7116594
26181024,125.8505173,26337840,128.057373,26734144,166.0644121
26240288,0,26359904,92.31891632,26743696,364.0939989
26253568,441.9949219,26361840,7.966937065,26775536,508.813801
26258640,639.7335571,26386592,592.5256348,26781904,465.1395577
26291408,397.7786316,26395216,416.6841125,26823296,435.8983221
26315280,551.6689636,26417664,564.0432739,26855136,486.9002177
26357952,8.798294449,26420464,419.8834839,26861504,578.1376899
26361792,66.39185715,26478304,3.129238367,26902896,297.5986679
26390000,33.04061279,26499072,337.9159241,26934736,435.5068143
26432416,491.6243408,26537712,468.478363,26941104,622.9951791
26475552,407.8817688,26556480,66.17359161,26972944,628.1510956
26505696,367.5596924,26567760,488.0311584,26982496,648.4368217
26648528,408.5965118,26590016,0,27014336,391.6343667
26659168,551.8279907,26596560,125.7261505,27020704,1043.997861
26668144,63.3742012,26624240,0,27052544,527.8288351
26788064,480.8958618,26656976,170.6313629,27062096,454.3826972
26798496,502.6252258,26714240,145.6790924,27093936,566.098519
26812400,187.61586,26737200,504.728241,27100304,332.5643634
26875008,539.2402954,26778256,76.44490051,27132144,334.1763787
26885776,84.80602798,26779152,23.56732941,27141696,979.4741193
26897232,131.2926086,26890880,0,27179904,668.3588408
26943616,0,26904672,575.8109741,27211744,914.3571994
26952640,64.68013916,26997344,402.3255615,27221296,376.948137
26977728,178.0672302,27010896,267.3538513,27253136,413.6519046
27000176,464.6235718,27020880,76.18383789,27259504,258.1828142
27051104,62.63483505,27072544,505.2671509,27291344,361.0086912
27092848,0,27104720,423.6487122,27300896,511.3635371
27098144,403.8952698,27210192,45.93032837,27332736,252.0973103
27116144,33.98384056,27227440,462.0231934,27370944,408.5837342
27134448,320.571991,27248752,461.594574,27412336,680.7157355
27164064,139.5330414,27251120,63.01291275,27418704,32.93333333
27192912,0,27293584,302.5837402,27450544,873.6755092
27223712,79.65300751,27309104,475.5644836,27460096,487.3855077
27227648,498.7766052,27383792,264.821167,27491936,44.71556716
27246528,458.2443878,27390784,254.8144379,27498304,635.0310177
27267904,183.8139038,27424336,431.6437988,27530144,419.2378655
27312256,438.2940125,27458912,154.1926575,27539696,332.9147154
27331888,160.3862183,27482400,423.9341736,27571536,472.432369
27337824,440.1366669,27489728,111.6219635,27577904,446.8985519
27345424,343.5665955,27493392,494.5656433,27609744,179.7273813
27357440,0,27549296,0,27619296,458.9877783
27388880,213.2527588,27557296,283.2223206,27651136,504.3151002
27406864,241.0254547,27567248,363.1814575,27689344,351.1698928
27444912,548.0877502,27574848,34.01862717,27698896,505.5677851
27473216,214.2066055,27642368,108.1902924,27730736,416.5989101
27474880,375.1565735,27647744,135.0336456,27737104,33.46666667
27481264,4.795929193,27668144,7.759222984,27768944,268.9670983
27525040,583.6101196,27668304,405.1535034,27778496,524.4437698
27563920,271.7372955,27672544,0,27810336,408.7345779
27566832,92.95123672,27732960,532.8399048,27816704,190.6291488
27620624,423.963858,27770992,232.3383179,27848544,94.57039221
27633600,201.0500931,27781792,268.4645081,27858096,242.6235426
27642288,95.12299347,27786944,381.0785828,27896304,653.1894363
27667376,32.99653015,27798352,218.1962891,27928144,507.6762657
27680768,243.4966644,27850176,232.9037933,27937696,285.0493797
27687776,355.0521149,27875408,335.507782,27969536,797.9154243
27696512,298.8083771,27887888,522.6270142,27975904,345.6806161
27720144,623.2988892,27932288,71.72002411,28007744,588.6906653
27735424,435.4293274,27986848,544.0560303,28017296,181.9314405
27738160,278.6209991,27992880,206.703064,28049136,578.9911625
27752704,150.9273193,28004736,550.1708374,28055504,119.1912498
27757568,435.3362183,28007552,0,28087344,307.1666049
27761968,70.43709869,28038592,534.7077026,28096896,160.968041
27797520,366.6154175,28060976,26.03376389,28128736,381.6502351
27865312,307.5553619,28098192,476.6832581,28135104,560.2505583
27874944,27.75231285,28130320,72.22944641,28176496,326.0008243
27907360,317.7042847,28179440,100.9738159,28208336,34.23333333
27960112,141.695961,28184448,454.7702942,28214704,231.8666231
28016048,173.8319595,28201584,179.8983917,28246544,831.6403
28036048,2.094056368,28251504,58.74840164,28256096,376.3607608
28077776,530.9665466,28312640,390.7845154,28287936,511.4344212
28087968,417.3277588,28334656,134.9329376,28294304,851.8836468
28106864,0,28346544,0,28326144,1011.683749
28129440,502.8191895,28386848,364.1560059,28335696,253.2270118
28140752,0,28399360,576.3183594,28367536,564.3114684
28164272,0,28404832,240.8747101,28405744,590.8175683
28193424,139.1726624,28414848,318.8347168,28415296,433.6035458
28265328,0,28454768,339.5549927,28453504,589.0477257
28270768,454.8898499,28461280,405.4267578,28485344,495.1990942
28280624,383.6793549,28463840,319.6909485,28494896,498.147999
28318640,116.5438202,28476064,202.9167175,28526736,507.050029
28325616,10.07738714,28477120,409.5839233,28533104,380.2376911
28402736,0,28488784,186.4131927,28564944,204.9174851
28420240,335.2367615,28507920,636.4746094,28574496,320.3326193
28465872,70.11937408,28511072,268.8941345,28606336,179.493819
28497920,1.816879892,28539664,625.0830078,28612704,278.2293634
28554672,429.1187531,28549968,232.6968536,28644544,552.6408714
28562736,50.26252327,28568768,343.7187195,28685936,745.6157665
28584592,370.3129486,28605184,8.330804825,28692304,535.0715373
28608240,0,28628032,549.7250977,28724144,634.9924191
28643344,551.4431396,28638800,391.1621094,28733696,381.627266
28658288,348.2773132,28652928,256.4414368,28765536,613.1700573
28703488,520.0057068,28657312,327.2062988,28771904,407.0308062
28717296,332.5908417,28676128,295.9286804,28813296,220.3707929
28721360,319.1467346,28737840,193.5680695,28845136,495.9371902
28733504,147.6433136,28757056,266.6559143,28851504,753.5898068
28739872,35.21854935,28780512,404.4369202,28892896,35.4
28757296,88.12260132,28855712,284.0242615,28924736,553.9168405
28814352,60.52838516,28856848,37.93397903,28931104,147.7131205
28848944,244.9164001,28921776,175.3343811,28962944,490.1984378
28860384,48.8812397,28942368,16.92974091,28972496,406.2989691
28883328,473.8436279,28954864,57.53340912,29004336,44.80516155
28887936,591.4096985,28955024,229.0444031,29010704,551.5579005
28932880,447.1026581,28965760,67.51682281,29042544,737.180413
28952048,386.1908295,28973968,322.521698,29052096,636.3845741
28955616,0,28993168,264.2305603,29083936,735.8724197
28979648,678.0919922,29037424,714.8588867,29090304,631.1244417
29006992,405.2195068,29079936,425.7932129,29122144,663.3314896
29007552,279.172403,29098976,230.8709106,29131696,608.8994938
29007568,236.8634216,29120080,0,29169904,234.6507649
29088352,72.58592834,29154304,0,29201744,297.8125549
29107424,0,29155360,35.70344925,29211296,479.2324486
29123424,459.8986267,29194656,233.2691345,29243136,446.99257
29206288,197.6341827,29228768,431.2066345,29249504,289.5326073
29226880,330.7282196,29234560,616.9406738,29281344,451.6827147
29237520,380.0076965,29265104,398.5574341,29290896,841.112817
29240704,514.1296692,29305152,256.3833008,29322736,605.3547247
29267120,192.7986191,29319152,0,29329104,554.1870987
29280320,499.9156677,29363808,51.75946045,29360944,600.7350438
29292464,327.3125153,29373792,0,29402336,247.7252085
29310288,538.2681152,29410032,339.6716309,29408704,854.1957956
29320288,547.0495422,29417648,47.61712646,29440544,240.4044392
29426368,262.7249908,29428336,135.8760376,29450096,735.2730261
29437184,120.6490677,29441328,158.7565155,29481936,713.099645
29451008,474.2852234,29443632,362.3361206,29488304,127.3952894
29497920,361.1493347,29504880,11.82029533,29529696,519.3504624
29498688,564.582074,29529104,0,29561536,470.3213282
29524304,84.22169952,29542960,451.5658264,29567904,673.8748068
29526720,226.3070709,29548832,254.1930847,29599744,846.1117145
29552000,517.2205078,29565184,521.4555664,29609296,748.7075252
29590592,574.1310059,29648416,426.1828918,29641136,391.2634628
29642960,551.3629944,29663584,100.9257584,29679344,173.487862
29648672,538.7942505,29684096,0,29688896,662.8275833
29659584,0,29700560,469.9872131,29720736,477.6983981
29662624,64.76154785,29726928,52.03921509,29758944,418.3972402
29690640,524.6474304,29759392,178.720993,29768496,399.4849591
29726592,96.24738235,29760224,572.2086182,29800336,681.9245158
29783200,133.556424,29763312,96.07981873,29806704,165.8266354
29798336,218.3798721,29764128,613.3731689,29838544,348.6422899
29839152,381.9197296,29769680,455.7810669,29848096,505.4682317
29842112,165.7404053,29798656,335.54953,29886304,833.9263658
29901360,0,29802576,200.9650269,29918144,44.2848163
29922448,30.91316872,29868768,635.3408813,29927696,748.8508973
29927664,429.6848785,29906944,98.83729553,29959536,607.2359336
29949584,173.6032379,29924656,327.2062988,29965904,438.350583
29965232,560.5871704,29959216,20.95241737,29997744,506.3576165
